entity string,id
394.NGR_c00010,0
394.NGR_c11940,1
394.NGR_c35060,2
394.NGR_c22670,3
394.NGR_c22350,4
394.NGR_c19160,5
394.NGR_c22440,6
394.NGR_c33470,7
394.NGR_c27660,8
394.NGR_c32660,9
394.NGR_c08820,10
394.NGR_c05520,11
394.NGR_c35150,12
394.NGR_c08550,13
394.NGR_c00060,14
394.NGR_c36420,15
394.NGR_c36280,16
394.NGR_c13650,17
394.NGR_c13570,18
394.NGR_c12070,19
394.NGR_c10680,20
394.NGR_c13260,21
394.NGR_c35440,22
394.NGR_c23270,23
394.NGR_c16040,24
394.NGR_c13740,25
394.NGR_c14880,26
394.NGR_c21330,27
394.NGR_c18510,28
394.NGR_c22880,29
394.NGR_c29580,30
394.NGR_c26840,31
394.NGR_c26540,32
394.NGR_c28640,33
394.NGR_c33390,34
394.NGR_c29590,35
394.NGR_c32570,36
394.NGR_c08840,37
394.NGR_c04010,38
394.NGR_c04140,39
394.NGR_c09080,40
394.NGR_c00070,41
394.NGR_c16790,42
394.NGR_c09890,43
394.NGR_c00080,44
394.NGR_c01580,45
394.NGR_c36910,46
394.NGR_c16410,47
394.NGR_c09130,48
394.NGR_c00100,49
394.NGR_c11920,50
394.NGR_c10230,51
394.NGR_c11910,52
394.NGR_c11810,53
394.NGR_c10850,54
394.NGR_c10830,55
394.NGR_c11790,56
394.NGR_c11780,57
394.NGR_c01470,58
394.NGR_c12020,59
394.NGR_c11960,60
394.NGR_c11930,61
394.NGR_c12010,62
394.NGR_c11980,63
394.NGR_c11990,64
394.NGR_c12030,65
394.NGR_c12060,66
394.NGR_c12130,67
394.NGR_c12080,68
394.NGR_c12090,69
394.NGR_c34160,70
394.NGR_c23330,71
394.NGR_c16470,72
394.NGR_c16360,73
394.NGR_c22720,74
394.NGR_c31790,75
394.NGR_c26680,76
394.NGR_c23410,77
394.NGR_c29220,78
394.NGR_c03880,79
394.NGR_c35860,80
394.NGR_c35730,81
394.NGR_c35950,82
394.NGR_c09410,83
394.NGR_c00110,84
394.NGR_c10340,85
394.NGR_c09450,86
394.NGR_c04080,87
394.NGR_c35070,88
394.NGR_c07930,89
394.NGR_c00120,90
394.NGR_c23940,91
394.NGR_c12730,92
394.NGR_c10350,93
394.NGR_c17530,94
394.NGR_c00130,95
394.NGR_c20630,96
394.NGR_c21210,97
394.NGR_c04790,98
394.NGR_c27190,99
394.NGR_c24330,100
394.NGR_c24320,101
394.NGR_c31110,102
394.NGR_c33410,103
394.NGR_c03920,104
394.NGR_c35680,105
394.NGR_c03930,106
394.NGR_c05160,107
394.NGR_c04820,108
394.NGR_c00480,109
394.NGR_c05420,110
394.NGR_c34420,111
394.NGR_c03950,112
394.NGR_c00150,113
394.NGR_c33890,114
394.NGR_c33900,115
394.NGR_c00170,116
394.NGR_c24200,117
394.NGR_c02560,118
394.NGR_c23200,119
394.NGR_c11830,120
394.NGR_c01430,121
394.NGR_c11770,122
394.NGR_c10800,123
394.NGR_c12620,124
394.NGR_c11840,125
394.NGR_c12180,126
394.NGR_c12140,127
394.NGR_c12990,128
394.NGR_c12960,129
394.NGR_c12970,130
394.NGR_c20240,131
394.NGR_c14910,132
394.NGR_c16500,133
394.NGR_c15380,134
394.NGR_c01850,135
394.NGR_c17060,136
394.NGR_c17310,137
394.NGR_c02310,138
394.NGR_c03350,139
394.NGR_c02850,140
394.NGR_c02860,141
394.NGR_c34460,142
394.NGR_c35170,143
394.NGR_c28590,144
394.NGR_c28410,145
394.NGR_c29150,146
394.NGR_c02870,147
394.NGR_c00280,148
394.NGR_c29670,149
394.NGR_c31490,150
394.NGR_c07040,151
394.NGR_c05400,152
394.NGR_c04060,153
394.NGR_c35180,154
394.NGR_c04310,155
394.NGR_c07870,156
394.NGR_c07830,157
394.NGR_c07610,158
394.NGR_c00180,159
394.NGR_c11020,160
394.NGR_c13140,161
394.NGR_c28180,162
394.NGR_c16740,163
394.NGR_c26930,164
394.NGR_c16840,165
394.NGR_c16750,166
394.NGR_c16830,167
394.NGR_c00190,168
394.NGR_c09020,169
394.NGR_c28800,170
394.NGR_c32340,171
394.NGR_c09010,172
394.NGR_c32850,173
394.NGR_c33820,174
394.NGR_c32880,175
394.NGR_c34870,176
394.NGR_c09030,177
394.NGR_c00210,178
394.NGR_c00220,179
394.NGR_c10380,180
394.NGR_c09730,181
394.NGR_c11160,182
394.NGR_c11700,183
394.NGR_c06660,184
394.NGR_c19360,185
394.NGR_c15850,186
394.NGR_c14130,187
394.NGR_c15310,188
394.NGR_c17540,189
394.NGR_c17390,190
394.NGR_c17500,191
394.NGR_c24030,192
394.NGR_c20770,193
394.NGR_c22810,194
394.NGR_c27630,195
394.NGR_c00260,196
394.NGR_c04610,197
394.NGR_c33000,198
394.NGR_c03090,199
394.NGR_c29070,200
394.NGR_c28940,201
394.NGR_c30080,202
394.NGR_c29180,203
394.NGR_c00310,204
394.NGR_c32700,205
394.NGR_c33950,206
394.NGR_c04570,207
394.NGR_c37140,208
394.NGR_c35660,209
394.NGR_c04180,210
394.NGR_c00660,211
394.NGR_c00240,212
394.NGR_c30720,213
394.NGR_c05970,214
394.NGR_c30710,215
394.NGR_c05940,216
394.NGR_c30730,217
394.NGR_c05960,218
394.NGR_c07340,219
394.NGR_c00250,220
394.NGR_c11120,221
394.NGR_c13010,222
394.NGR_c00490,223
394.NGR_c00420,224
394.NGR_c10330,225
394.NGR_c26130,226
394.NGR_c12230,227
394.NGR_c11970,228
394.NGR_c11950,229
394.NGR_c12050,230
394.NGR_c12120,231
394.NGR_c02440,232
394.NGR_c16060,233
394.NGR_c13420,234
394.NGR_c12790,235
394.NGR_c14760,236
394.NGR_c13620,237
394.NGR_c15420,238
394.NGR_c23290,239
394.NGR_c23280,240
394.NGR_c36200,241
394.NGR_c27650,242
394.NGR_c29060,243
394.NGR_c29000,244
394.NGR_c30930,245
394.NGR_c33860,246
394.NGR_c32520,247
394.NGR_c32230,248
394.NGR_c32820,249
394.NGR_c35720,250
394.NGR_c35580,251
394.NGR_c00830,252
394.NGR_c37160,253
394.NGR_c36260,254
394.NGR_c06600,255
394.NGR_c04930,256
394.NGR_c08870,257
394.NGR_c08860,258
394.NGR_c09200,259
394.NGR_c08900,260
394.NGR_c00270,261
394.NGR_c00680,262
394.NGR_c26990,263
394.NGR_c30300,264
394.NGR_c30840,265
394.NGR_c02570,266
394.NGR_c02550,267
394.NGR_c10410,268
394.NGR_c02540,269
394.NGR_c17380,270
394.NGR_c10790,271
394.NGR_c12980,272
394.NGR_c01200,273
394.NGR_c01120,274
394.NGR_c01490,275
394.NGR_c14750,276
394.NGR_c01480,277
394.NGR_c17050,278
394.NGR_c17370,279
394.NGR_c01840,280
394.NGR_c17460,281
394.NGR_c18100,282
394.NGR_c20850,283
394.NGR_c18610,284
394.NGR_c21130,285
394.NGR_c24140,286
394.NGR_c22860,287
394.NGR_c24240,288
394.NGR_c02530,289
394.NGR_c02460,290
394.NGR_c30290,291
394.NGR_c02580,292
394.NGR_c26210,293
394.NGR_c26060,294
394.NGR_c02590,295
394.NGR_c26090,296
394.NGR_c27580,297
394.NGR_c02670,298
394.NGR_c30020,299
394.NGR_c33930,300
394.NGR_c06520,301
394.NGR_c03230,302
394.NGR_c31500,303
394.NGR_c30850,304
394.NGR_c33680,305
394.NGR_c33490,306
394.NGR_c33200,307
394.NGR_c33920,308
394.NGR_c33690,309
394.NGR_c36240,310
394.NGR_c35160,311
394.NGR_c35920,312
394.NGR_c06270,313
394.NGR_c00530,314
394.NGR_c04920,315
394.NGR_c04220,316
394.NGR_c06210,317
394.NGR_c06200,318
394.NGR_c07840,319
394.NGR_c06650,320
394.NGR_c00850,321
394.NGR_c06540,322
394.NGR_c07770,323
394.NGR_c07850,324
394.NGR_c08370,325
394.NGR_c08210,326
394.NGR_c00300,327
394.NGR_c20170,328
394.NGR_c21360,329
394.NGR_c20160,330
394.NGR_c01990,331
394.NGR_c01690,332
394.NGR_c21610,333
394.NGR_c21590,334
394.NGR_c21580,335
394.NGR_c26080,336
394.NGR_c23320,337
394.NGR_c26920,338
394.NGR_c37150,339
394.NGR_c06040,340
394.NGR_c04900,341
394.NGR_c04910,342
394.NGR_c07880,343
394.NGR_c13470,344
394.NGR_c14650,345
394.NGR_c10910,346
394.NGR_c10250,347
394.NGR_c16880,348
394.NGR_c01670,349
394.NGR_c10860,350
394.NGR_c31720,351
394.NGR_c15570,352
394.NGR_c11600,353
394.NGR_c15580,354
394.NGR_c29660,355
394.NGR_c22710,356
394.NGR_c29650,357
394.NGR_c05820,358
394.NGR_c36750,359
394.NGR_c36100,360
394.NGR_c04290,361
394.NGR_c05610,362
394.NGR_c04990,363
394.NGR_c05560,364
394.NGR_c00320,365
394.NGR_c00350,366
394.NGR_c11900,367
394.NGR_c00360,368
394.NGR_c12110,369
394.NGR_c12910,370
394.NGR_c13360,371
394.NGR_c06100,372
394.NGR_c00370,373
394.NGR_c15460,374
394.NGR_c15400,375
394.NGR_c13630,376
394.NGR_c00380,377
394.NGR_c32120,378
394.NGR_c00390,379
394.NGR_c11030,380
394.NGR_c04160,381
394.NGR_c12800,382
394.NGR_c36090,383
394.NGR_c07350,384
394.NGR_c09070,385
394.NGR_c00400,386
394.NGR_c29610,387
394.NGR_c13320,388
394.NGR_c27040,389
394.NGR_c18080,390
394.NGR_c18030,391
394.NGR_c31570,392
394.NGR_c03510,393
394.NGR_c08920,394
394.NGR_c00410,395
394.NGR_c11890,396
394.NGR_c11730,397
394.NGR_c18070,398
394.NGR_c13430,399
394.NGR_c35770,400
394.NGR_c00460,401
394.NGR_c28350,402
394.NGR_c00470,403
394.NGR_c14310,404
394.NGR_c27220,405
394.NGR_c26720,406
394.NGR_c21220,407
394.NGR_c10370,408
394.NGR_c10700,409
394.NGR_c02080,410
394.NGR_c12710,411
394.NGR_c12560,412
394.NGR_c12830,413
394.NGR_c12770,414
394.NGR_c12850,415
394.NGR_c14590,416
394.NGR_c15600,417
394.NGR_c23510,418
394.NGR_c25130,419
394.NGR_c22700,420
394.NGR_c02240,421
394.NGR_c27230,422
394.NGR_c28430,423
394.NGR_c28710,424
394.NGR_c30700,425
394.NGR_c29910,426
394.NGR_c31260,427
394.NGR_c32250,428
394.NGR_c33610,429
394.NGR_c33520,430
394.NGR_c04950,431
394.NGR_c33990,432
394.NGR_c34070,433
394.NGR_c35830,434
394.NGR_c09480,435
394.NGR_c00510,436
394.NGR_c26660,437
394.NGR_c19710,438
394.NGR_c28090,439
394.NGR_c04190,440
394.NGR_c12610,441
394.NGR_c35490,442
394.NGR_c21450,443
394.NGR_c14740,444
394.NGR_c13000,445
394.NGR_c14410,446
394.NGR_c19480,447
394.NGR_c21010,448
394.NGR_c32380,449
394.NGR_c28440,450
394.NGR_c03210,451
394.NGR_c34590,452
394.NGR_c06590,453
394.NGR_c36810,454
394.NGR_c07270,455
394.NGR_c00520,456
394.NGR_c34540,457
394.NGR_c20840,458
394.NGR_c27590,459
394.NGR_c37100,460
394.NGR_c06370,461
394.NGR_c00540,462
394.NGR_c25980,463
394.NGR_c23710,464
394.NGR_c16330,465
394.NGR_c20150,466
394.NGR_c31730,467
394.NGR_c28230,468
394.NGR_c28730,469
394.NGR_c03130,470
394.NGR_c30500,471
394.NGR_c07200,472
394.NGR_c35560,473
394.NGR_c35360,474
394.NGR_c33280,475
394.NGR_c37030,476
394.NGR_c04230,477
394.NGR_c00560,478
394.NGR_c12640,479
394.NGR_c33620,480
394.NGR_c24880,481
394.NGR_c23800,482
394.NGR_c16920,483
394.NGR_c24870,484
394.NGR_c27940,485
394.NGR_c25630,486
394.NGR_c25640,487
394.NGR_c00570,488
394.NGR_c00580,489
394.NGR_c00590,490
394.NGR_c15750,491
394.NGR_c35700,492
394.NGR_c00610,493
394.NGR_c26630,494
394.NGR_c25290,495
394.NGR_c16950,496
394.NGR_c37060,497
394.NGR_c00740,498
394.NGR_c00620,499
394.NGR_c19590,500
394.NGR_c13520,501
394.NGR_c13800,502
394.NGR_c27980,503
394.NGR_c20740,504
394.NGR_c19780,505
394.NGR_c24900,506
394.NGR_c00630,507
394.NGR_c28560,508
394.NGR_c35220,509
394.NGR_c27970,510
394.NGR_c20730,511
394.NGR_c19600,512
394.NGR_c24910,513
394.NGR_c35210,514
394.NGR_c28570,515
394.NGR_c00640,516
394.NGR_c34090,517
394.NGR_c10310,518
394.NGR_c10220,519
394.NGR_c10160,520
394.NGR_c11870,521
394.NGR_c11860,522
394.NGR_c11880,523
394.NGR_c27260,524
394.NGR_c12000,525
394.NGR_c12040,526
394.NGR_c13340,527
394.NGR_c12150,528
394.NGR_c12470,529
394.NGR_c15820,530
394.NGR_c13980,531
394.NGR_c15830,532
394.NGR_c16080,533
394.NGR_c21460,534
394.NGR_c02270,535
394.NGR_c23790,536
394.NGR_c23590,537
394.NGR_c26390,538
394.NGR_c24410,539
394.NGR_c27320,540
394.NGR_c28530,541
394.NGR_c28540,542
394.NGR_c31700,543
394.NGR_c33540,544
394.NGR_c33300,545
394.NGR_c34050,546
394.NGR_c03730,547
394.NGR_c36610,548
394.NGR_c05120,549
394.NGR_c03770,550
394.NGR_c07470,551
394.NGR_c05840,552
394.NGR_c08290,553
394.NGR_c08240,554
394.NGR_c09260,555
394.NGR_c00700,556
394.NGR_c26700,557
394.NGR_c24830,558
394.NGR_c10190,559
394.NGR_c17170,560
394.NGR_c26940,561
394.NGR_c27790,562
394.NGR_c35620,563
394.NGR_c35130,564
394.NGR_c36120,565
394.NGR_c00750,566
394.NGR_c24650,567
394.NGR_c00780,568
394.NGR_c35410,569
394.NGR_c31330,570
394.NGR_c00820,571
394.NGR_c12100,572
394.NGR_c05230,573
394.NGR_c22390,574
394.NGR_c02010,575
394.NGR_c13810,576
394.NGR_c01860,577
394.NGR_c20280,578
394.NGR_c20270,579
394.NGR_c21030,580
394.NGR_c27760,581
394.NGR_c25520,582
394.NGR_c23620,583
394.NGR_c25510,584
394.NGR_c32300,585
394.NGR_c35500,586
394.NGR_c06890,587
394.NGR_c09360,588
394.NGR_c33780,589
394.NGR_c00840,590
394.NGR_c28170,591
394.NGR_c27140,592
394.NGR_c28320,593
394.NGR_c26570,594
394.NGR_c23190,595
394.NGR_c13370,596
394.NGR_c31670,597
394.NGR_c31660,598
394.NGR_c32170,599
394.NGR_c36250,600
394.NGR_c37090,601
394.NGR_c11820,602
394.NGR_c10810,603
394.NGR_c00860,604
394.NGR_c00870,605
394.NGR_c09210,606
394.NGR_c10530,607
394.NGR_c11180,608
394.NGR_c19880,609
394.NGR_c10560,610
394.NGR_c10540,611
394.NGR_c12820,612
394.NGR_c15480,613
394.NGR_c14340,614
394.NGR_c13940,615
394.NGR_c14160,616
394.NGR_c15000,617
394.NGR_c15470,618
394.NGR_c15490,619
394.NGR_c15920,620
394.NGR_c15660,621
394.NGR_c17000,622
394.NGR_c30130,623
394.NGR_c26240,624
394.NGR_c21820,625
394.NGR_c21810,626
394.NGR_c25920,627
394.NGR_c22370,628
394.NGR_c22080,629
394.NGR_c22070,630
394.NGR_c22270,631
394.NGR_c24770,632
394.NGR_c25660,633
394.NGR_c29020,634
394.NGR_c26860,635
394.NGR_c26250,636
394.NGR_c26640,637
394.NGR_c29900,638
394.NGR_c29890,639
394.NGR_c08740,640
394.NGR_c30890,641
394.NGR_c30420,642
394.NGR_c30900,643
394.NGR_c33180,644
394.NGR_c31280,645
394.NGR_c31270,646
394.NGR_c31290,647
394.NGR_c36680,648
394.NGR_c36190,649
394.NGR_c08560,650
394.NGR_c06160,651
394.NGR_c06410,652
394.NGR_c08180,653
394.NGR_c09570,654
394.NGR_c09720,655
394.NGR_c00880,656
394.NGR_c00930,657
394.NGR_c16900,658
394.NGR_c00980,659
394.NGR_c06990,660
394.NGR_c21730,661
394.NGR_c20320,662
394.NGR_c21440,663
394.NGR_c20390,664
394.NGR_c30160,665
394.NGR_c25860,666
394.NGR_c23150,667
394.NGR_c22210,668
394.NGR_c22890,669
394.NGR_c24190,670
394.NGR_c24110,671
394.NGR_c25410,672
394.NGR_c29450,673
394.NGR_c26010,674
394.NGR_c26000,675
394.NGR_c26300,676
394.NGR_c28070,677
394.NGR_c06130,678
394.NGR_c33040,679
394.NGR_c30550,680
394.NGR_c30250,681
394.NGR_c30430,682
394.NGR_c31560,683
394.NGR_c32950,684
394.NGR_c03390,685
394.NGR_c33630,686
394.NGR_c33130,687
394.NGR_c06090,688
394.NGR_c36350,689
394.NGR_c37050,690
394.NGR_c09060,691
394.NGR_c07000,692
394.NGR_c01050,693
394.NGR_c37120,694
394.NGR_c34440,695
394.NGR_c04550,696
394.NGR_c22050,697
394.NGR_c12540,698
394.NGR_c16890,699
394.NGR_c16520,700
394.NGR_c18650,701
394.NGR_c30220,702
394.NGR_c26760,703
394.NGR_c01060,704
394.NGR_c35450,705
394.NGR_c05310,706
394.NGR_c08610,707
394.NGR_c01080,708
394.NGR_c26040,709
394.NGR_c26030,710
394.NGR_c01110,711
394.NGR_c17360,712
394.NGR_c06190,713
394.NGR_c26050,714
394.NGR_c33700,715
394.NGR_c06280,716
394.NGR_c06530,717
394.NGR_c06290,718
394.NGR_c01090,719
394.NGR_c29480,720
394.NGR_c01170,721
394.NGR_c01160,722
394.NGR_c35340,723
394.NGR_c34850,724
394.NGR_c06460,725
394.NGR_c01100,726
394.NGR_c03100,727
394.NGR_c31000,728
394.NGR_c35290,729
394.NGR_c36780,730
394.NGR_c25320,731
394.NGR_c25200,732
394.NGR_c03290,733
394.NGR_c33090,734
394.NGR_c25190,735
394.NGR_c02480,736
394.NGR_c20680,737
394.NGR_c20670,738
394.NGR_c19530,739
394.NGR_c14530,740
394.NGR_c14510,741
394.NGR_c13700,742
394.NGR_c14520,743
394.NGR_c17800,744
394.NGR_c17830,745
394.NGR_c17810,746
394.NGR_c17820,747
394.NGR_c24730,748
394.NGR_c21520,749
394.NGR_c24720,750
394.NGR_c24230,751
394.NGR_c24130,752
394.NGR_c21700,753
394.NGR_c24220,754
394.NGR_c24150,755
394.NGR_c02450,756
394.NGR_c24710,757
394.NGR_c02470,758
394.NGR_c34350,759
394.NGR_c34340,760
394.NGR_c33080,761
394.NGR_c34520,762
394.NGR_c36790,763
394.NGR_c34510,764
394.NGR_c34500,765
394.NGR_c35250,766
394.NGR_c35280,767
394.NGR_c35270,768
394.NGR_c36800,769
394.NGR_c06000,770
394.NGR_c05990,771
394.NGR_c06670,772
394.NGR_c06680,773
394.NGR_c06690,774
394.NGR_c09160,775
394.NGR_c06700,776
394.NGR_c33070,777
394.NGR_c33060,778
394.NGR_c30950,779
394.NGR_c03140,780
394.NGR_c25500,781
394.NGR_c25490,782
394.NGR_c25480,783
394.NGR_c30570,784
394.NGR_c30560,785
394.NGR_c03120,786
394.NGR_c30970,787
394.NGR_c30960,788
394.NGR_c30980,789
394.NGR_c03110,790
394.NGR_c24440,791
394.NGR_c25470,792
394.NGR_c03470,793
394.NGR_c01140,794
394.NGR_c22740,795
394.NGR_c10900,796
394.NGR_c10890,797
394.NGR_c24840,798
394.NGR_c01150,799
394.NGR_c01810,800
394.NGR_c04740,801
394.NGR_c36700,802
394.NGR_c26770,803
394.NGR_c25690,804
394.NGR_c24210,805
394.NGR_c03790,806
394.NGR_c27350,807
394.NGR_c31170,808
394.NGR_c07250,809
394.NGR_c04690,810
394.NGR_c01180,811
394.NGR_c02090,812
394.NGR_c05030,813
394.NGR_c33330,814
394.NGR_c26750,815
394.NGR_c03330,816
394.NGR_c33370,817
394.NGR_c01220,818
394.NGR_c01230,819
394.NGR_c13390,820
394.NGR_c01260,821
394.NGR_c01330,822
394.NGR_c01350,823
394.NGR_c01340,824
394.NGR_c01400,825
394.NGR_c08930,826
394.NGR_c18060,827
394.NGR_c18050,828
394.NGR_c35760,829
394.NGR_c01420,830
394.NGR_c07760,831
394.NGR_c01440,832
394.NGR_c01450,833
394.NGR_c01460,834
394.NGR_c19790,835
394.NGR_c32290,836
394.NGR_c16070,837
394.NGR_c24700,838
394.NGR_c32710,839
394.NGR_c06050,840
394.NGR_c08910,841
394.NGR_c22870,842
394.NGR_c27600,843
394.NGR_c07300,844
394.NGR_c01510,845
394.NGR_c27370,846
394.NGR_c11110,847
394.NGR_c25110,848
394.NGR_c14010,849
394.NGR_c01870,850
394.NGR_c23690,851
394.NGR_c01980,852
394.NGR_c22760,853
394.NGR_c34380,854
394.NGR_c32960,855
394.NGR_c32980,856
394.NGR_c01520,857
394.NGR_c28520,858
394.NGR_c01530,859
394.NGR_c03490,860
394.NGR_c21650,861
394.NGR_c24420,862
394.NGR_c01560,863
394.NGR_c08750,864
394.NGR_c10280,865
394.NGR_c36850,866
394.NGR_c13180,867
394.NGR_c18450,868
394.NGR_c14980,869
394.NGR_c25460,870
394.NGR_c21310,871
394.NGR_c25390,872
394.NGR_c34990,873
394.NGR_c01600,874
394.NGR_c13150,875
394.NGR_c30580,876
394.NGR_c15220,877
394.NGR_c13160,878
394.NGR_c13170,879
394.NGR_c01890,880
394.NGR_c17190,881
394.NGR_c17200,882
394.NGR_c01960,883
394.NGR_c01930,884
394.NGR_c01940,885
394.NGR_c25170,886
394.NGR_c20660,887
394.NGR_c20700,888
394.NGR_c20690,889
394.NGR_c25150,890
394.NGR_c25340,891
394.NGR_c25180,892
394.NGR_c25350,893
394.NGR_c34330,894
394.NGR_c32240,895
394.NGR_c30590,896
394.NGR_c32190,897
394.NGR_c32840,898
394.NGR_c32830,899
394.NGR_c34370,900
394.NGR_c34360,901
394.NGR_c34550,902
394.NGR_c05450,903
394.NGR_c06020,904
394.NGR_c06010,905
394.NGR_c06030,906
394.NGR_c01680,907
394.NGR_c17250,908
394.NGR_c29930,909
394.NGR_c32720,910
394.NGR_c05020,911
394.NGR_c11740,912
394.NGR_c14000,913
394.NGR_c24350,914
394.NGR_c34290,915
394.NGR_c36630,916
394.NGR_c06180,917
394.NGR_c22140,918
394.NGR_c10480,919
394.NGR_c10490,920
394.NGR_c10510,921
394.NGR_c10500,922
394.NGR_c10630,923
394.NGR_c10580,924
394.NGR_c10570,925
394.NGR_c10610,926
394.NGR_c10620,927
394.NGR_c13830,928
394.NGR_c19820,929
394.NGR_c20430,930
394.NGR_c20440,931
394.NGR_c22030,932
394.NGR_c22040,933
394.NGR_c22130,934
394.NGR_c22100,935
394.NGR_c22090,936
394.NGR_c22120,937
394.NGR_c22110,938
394.NGR_c07500,939
394.NGR_c29680,940
394.NGR_c22930,941
394.NGR_c26900,942
394.NGR_c28620,943
394.NGR_c26910,944
394.NGR_c01700,945
394.NGR_c15360,946
394.NGR_c23470,947
394.NGR_c14640,948
394.NGR_c32020,949
394.NGR_c06110,950
394.NGR_c06300,951
394.NGR_c01800,952
394.NGR_c28680,953
394.NGR_c24760,954
394.NGR_c04400,955
394.NGR_c24920,956
394.NGR_c25230,957
394.NGR_c02620,958
394.NGR_c04390,959
394.NGR_c09970,960
394.NGR_c19680,961
394.NGR_c14400,962
394.NGR_c14930,963
394.NGR_c28690,964
394.NGR_c21870,965
394.NGR_c26220,966
394.NGR_c27080,967
394.NGR_c36470,968
394.NGR_c30830,969
394.NGR_c32780,970
394.NGR_c34040,971
394.NGR_c33260,972
394.NGR_c01880,973
394.NGR_c08380,974
394.NGR_c31630,975
394.NGR_c25360,976
394.NGR_c01950,977
394.NGR_c27070,978
394.NGR_c30230,979
394.NGR_c35520,980
394.NGR_c32180,981
394.NGR_c01900,982
394.NGR_c01910,983
394.NGR_c16720,984
394.NGR_c16710,985
394.NGR_c16730,986
394.NGR_c25530,987
394.NGR_c25550,988
394.NGR_c05240,989
394.NGR_c17970,990
394.NGR_c25780,991
394.NGR_c09850,992
394.NGR_c01920,993
394.NGR_c18520,994
394.NGR_c27330,995
394.NGR_c17180,996
394.NGR_c08200,997
394.NGR_c07980,998
394.NGR_c20310,999
394.NGR_c12760,1000
394.NGR_c13110,1001
394.NGR_c12880,1002
394.NGR_c14570,1003
394.NGR_c15280,1004
394.NGR_c14920,1005
394.NGR_c06610,1006
394.NGR_c21600,1007
394.NGR_c27340,1008
394.NGR_c30190,1009
394.NGR_c29920,1010
394.NGR_c31220,1011
394.NGR_c11760,1012
394.NGR_c02040,1013
394.NGR_c02060,1014
394.NGR_c17410,1015
394.NGR_c25140,1016
394.NGR_c09100,1017
394.NGR_c06060,1018
394.NGR_c16960,1019
394.NGR_c02100,1020
394.NGR_c10130,1021
394.NGR_c04410,1022
394.NGR_c32480,1023
394.NGR_c02260,1024
394.NGR_c02110,1025
394.NGR_c32130,1026
394.NGR_c02120,1027
394.NGR_c05430,1028
394.NGR_c02150,1029
394.NGR_c11150,1030
394.NGR_c21080,1031
394.NGR_c33580,1032
394.NGR_c05620,1033
394.NGR_c09530,1034
394.NGR_c16190,1035
394.NGR_c34570,1036
394.NGR_c10120,1037
394.NGR_c36450,1038
394.NGR_c06620,1039
394.NGR_c02290,1040
394.NGR_c02350,1041
394.NGR_c02500,1042
394.NGR_c24750,1043
394.NGR_c24690,1044
394.NGR_c02510,1045
394.NGR_c02520,1046
394.NGR_c17120,1047
394.NGR_c19510,1048
394.NGR_c21420,1049
394.NGR_c24630,1050
394.NGR_c02680,1051
394.NGR_c30760,1052
394.NGR_c33430,1053
394.NGR_c35710,1054
394.NGR_c02610,1055
394.NGR_c02660,1056
394.NGR_c02720,1057
394.NGR_c02760,1058
394.NGR_c02650,1059
394.NGR_c23100,1060
394.NGR_c03020,1061
394.NGR_c05800,1062
394.NGR_c28210,1063
394.NGR_c02810,1064
394.NGR_c02890,1065
394.NGR_c02690,1066
394.NGR_c31100,1067
394.NGR_c02710,1068
394.NGR_c02770,1069
394.NGR_c02940,1070
394.NGR_c03010,1071
394.NGR_c16030,1072
394.NGR_c02780,1073
394.NGR_c02790,1074
394.NGR_c20980,1075
394.NGR_c02840,1076
394.NGR_c02960,1077
394.NGR_c03000,1078
394.NGR_c03070,1079
394.NGR_c08000,1080
394.NGR_c03080,1081
394.NGR_c23560,1082
394.NGR_c13410,1083
394.NGR_c09330,1084
394.NGR_c09320,1085
394.NGR_c23720,1086
394.NGR_c16480,1087
394.NGR_c15170,1088
394.NGR_c27680,1089
394.NGR_c26380,1090
394.NGR_c31300,1091
394.NGR_c34950,1092
394.NGR_c25620,1093
394.NGR_c24860,1094
394.NGR_c30990,1095
394.NGR_c14540,1096
394.NGR_c24740,1097
394.NGR_c35400,1098
394.NGR_c28990,1099
394.NGR_c28950,1100
394.NGR_c28970,1101
394.NGR_c03340,1102
394.NGR_c21690,1103
394.NGR_c21510,1104
394.NGR_c19690,1105
394.NGR_c19540,1106
394.NGR_c19550,1107
394.NGR_c21490,1108
394.NGR_c21500,1109
394.NGR_c29840,1110
394.NGR_c21720,1111
394.NGR_c21710,1112
394.NGR_c21760,1113
394.NGR_c24590,1114
394.NGR_c03310,1115
394.NGR_c29850,1116
394.NGR_c03280,1117
394.NGR_c32620,1118
394.NGR_c32610,1119
394.NGR_c03300,1120
394.NGR_c34170,1121
394.NGR_c03440,1122
394.NGR_c04760,1123
394.NGR_c03160,1124
394.NGR_c22690,1125
394.NGR_c22190,1126
394.NGR_c22180,1127
394.NGR_c10550,1128
394.NGR_c12280,1129
394.NGR_c10600,1130
394.NGR_c10590,1131
394.NGR_c20470,1132
394.NGR_c33710,1133
394.NGR_c03170,1134
394.NGR_c05210,1135
394.NGR_c03180,1136
394.NGR_c03190,1137
394.NGR_c03200,1138
394.NGR_c25440,1139
394.NGR_c25050,1140
394.NGR_c03270,1141
394.NGR_c25300,1142
394.NGR_c25310,1143
394.NGR_c25330,1144
394.NGR_c26110,1145
394.NGR_c14430,1146
394.NGR_c34100,1147
394.NGR_c28060,1148
394.NGR_c27860,1149
394.NGR_c05010,1150
394.NGR_c34400,1151
394.NGR_c06080,1152
394.NGR_c06570,1153
394.NGR_c32630,1154
394.NGR_c31050,1155
394.NGR_c31040,1156
394.NGR_c31030,1157
394.NGR_c18040,1158
394.NGR_c14500,1159
394.NGR_c21430,1160
394.NGR_c20520,1161
394.NGR_c23170,1162
394.NGR_c33110,1163
394.NGR_c33220,1164
394.NGR_c05000,1165
394.NGR_c07380,1166
394.NGR_c06070,1167
394.NGR_c07050,1168
394.NGR_c03450,1169
394.NGR_c13090,1170
394.NGR_c04870,1171
394.NGR_c26150,1172
394.NGR_c26310,1173
394.NGR_c03460,1174
394.NGR_c24430,1175
394.NGR_c21630,1176
394.NGR_c18130,1177
394.NGR_c14710,1178
394.NGR_c21620,1179
394.NGR_c34820,1180
394.NGR_c24450,1181
394.NGR_c34810,1182
394.NGR_c34790,1183
394.NGR_c03480,1184
394.NGR_c08100,1185
394.NGR_c03500,1186
394.NGR_c10730,1187
394.NGR_c17430,1188
394.NGR_c29430,1189
394.NGR_c22830,1190
394.NGR_c34800,1191
394.NGR_c31860,1192
394.NGR_c06480,1193
394.NGR_c03760,1194
394.NGR_c05660,1195
394.NGR_c03590,1196
394.NGR_c29630,1197
394.NGR_c30170,1198
394.NGR_c03610,1199
394.NGR_c03700,1200
394.NGR_c03720,1201
394.NGR_c09370,1202
394.NGR_c03750,1203
394.NGR_c18700,1204
394.NGR_c29530,1205
394.NGR_c20410,1206
394.NGR_c04050,1207
394.NGR_c14900,1208
394.NGR_c20900,1209
394.NGR_c22950,1210
394.NGR_c28490,1211
394.NGR_c06240,1212
394.NGR_c03810,1213
394.NGR_c27900,1214
394.NGR_c03890,1215
394.NGR_c29170,1216
394.NGR_c27700,1217
394.NGR_c34780,1218
394.NGR_c34970,1219
394.NGR_c18360,1220
394.NGR_c16240,1221
394.NGR_c19920,1222
394.NGR_c31350,1223
394.NGR_c30940,1224
394.NGR_c08880,1225
394.NGR_c10000,1226
394.NGR_c32750,1227
394.NGR_c16690,1228
394.NGR_c20300,1229
394.NGR_c19520,1230
394.NGR_c29950,1231
394.NGR_c07130,1232
394.NGR_c07090,1233
394.NGR_c08070,1234
394.NGR_c04030,1235
394.NGR_c04020,1236
394.NGR_c04040,1237
394.NGR_c09230,1238
394.NGR_c14330,1239
394.NGR_c13070,1240
394.NGR_c14360,1241
394.NGR_c14350,1242
394.NGR_c14960,1243
394.NGR_c29040,1244
394.NGR_c21410,1245
394.NGR_c21180,1246
394.NGR_c29030,1247
394.NGR_c26320,1248
394.NGR_c29010,1249
394.NGR_c31340,1250
394.NGR_c29810,1251
394.NGR_c04860,1252
394.NGR_c10020,1253
394.NGR_c09270,1254
394.NGR_c10750,1255
394.NGR_c11070,1256
394.NGR_c11080,1257
394.NGR_c12900,1258
394.NGR_c18640,1259
394.NGR_c20050,1260
394.NGR_c20290,1261
394.NGR_c22230,1262
394.NGR_c26600,1263
394.NGR_c23460,1264
394.NGR_c31870,1265
394.NGR_c34900,1266
394.NGR_c36270,1267
394.NGR_c09750,1268
394.NGR_c04120,1269
394.NGR_c04090,1270
394.NGR_c04670,1271
394.NGR_c05330,1272
394.NGR_c06220,1273
394.NGR_c05550,1274
394.NGR_c06140,1275
394.NGR_c07990,1276
394.NGR_c07220,1277
394.NGR_c07450,1278
394.NGR_c08670,1279
394.NGR_c04100,1280
394.NGR_c15440,1281
394.NGR_c09170,1282
394.NGR_c27770,1283
394.NGR_c16340,1284
394.NGR_c09180,1285
394.NGR_c16210,1286
394.NGR_c04130,1287
394.NGR_c06960,1288
394.NGR_c06950,1289
394.NGR_c10970,1290
394.NGR_c12870,1291
394.NGR_c04170,1292
394.NGR_c20970,1293
394.NGR_c22970,1294
394.NGR_c26560,1295
394.NGR_c04250,1296
394.NGR_c04200,1297
394.NGR_c04210,1298
394.NGR_c15770,1299
394.NGR_c06500,1300
394.NGR_c36340,1301
394.NGR_c27500,1302
394.NGR_c17760,1303
394.NGR_c19650,1304
394.NGR_c33670,1305
394.NGR_c28890,1306
394.NGR_c06510,1307
394.NGR_c06560,1308
394.NGR_c08890,1309
394.NGR_c08520,1310
394.NGR_c08970,1311
394.NGR_c30100,1312
394.NGR_c21120,1313
394.NGR_c15710,1314
394.NGR_c10110,1315
394.NGR_c04260,1316
394.NGR_c12220,1317
394.NGR_c17030,1318
394.NGR_c10420,1319
394.NGR_c34920,1320
394.NGR_c04330,1321
394.NGR_c04340,1322
394.NGR_c14790,1323
394.NGR_c04350,1324
394.NGR_c16850,1325
394.NGR_c04380,1326
394.NGR_c10100,1327
394.NGR_c08710,1328
394.NGR_c26730,1329
394.NGR_c04470,1330
394.NGR_c31120,1331
394.NGR_c31140,1332
394.NGR_c31130,1333
394.NGR_c04500,1334
394.NGR_c04480,1335
394.NGR_c04490,1336
394.NGR_c04510,1337
394.NGR_c19640,1338
394.NGR_c36650,1339
394.NGR_c04540,1340
394.NGR_c17110,1341
394.NGR_c17150,1342
394.NGR_c23220,1343
394.NGR_c30510,1344
394.NGR_c35980,1345
394.NGR_c08350,1346
394.NGR_c04580,1347
394.NGR_c32770,1348
394.NGR_c04600,1349
394.NGR_c04630,1350
394.NGR_c24340,1351
394.NGR_c06580,1352
394.NGR_c33850,1353
394.NGR_c27750,1354
394.NGR_c04720,1355
394.NGR_c15060,1356
394.NGR_c16200,1357
394.NGR_c33530,1358
394.NGR_c04830,1359
394.NGR_c26170,1360
394.NGR_c15450,1361
394.NGR_c26160,1362
394.NGR_c25570,1363
394.NGR_c26140,1364
394.NGR_c26180,1365
394.NGR_c26190,1366
394.NGR_c09930,1367
394.NGR_c04890,1368
394.NGR_c36060,1369
394.NGR_c37070,1370
394.NGR_c04980,1371
394.NGR_c36360,1372
394.NGR_c31520,1373
394.NGR_c14480,1374
394.NGR_c13190,1375
394.NGR_c13290,1376
394.NGR_c15100,1377
394.NGR_c22560,1378
394.NGR_c16290,1379
394.NGR_c30410,1380
394.NGR_c25670,1381
394.NGR_c35640,1382
394.NGR_c32050,1383
394.NGR_c35570,1384
394.NGR_c35930,1385
394.NGR_c15550,1386
394.NGR_c09710,1387
394.NGR_c05040,1388
394.NGR_c05060,1389
394.NGR_c05050,1390
394.NGR_c29760,1391
394.NGR_c18240,1392
394.NGR_c07080,1393
394.NGR_c29800,1394
394.NGR_c05080,1395
394.NGR_c07700,1396
394.NGR_c32760,1397
394.NGR_c35080,1398
394.NGR_c05170,1399
394.NGR_c35750,1400
394.NGR_c05180,1401
394.NGR_c34890,1402
394.NGR_c24100,1403
394.NGR_c28820,1404
394.NGR_c26400,1405
394.NGR_c26420,1406
394.NGR_c09600,1407
394.NGR_c10180,1408
394.NGR_c17980,1409
394.NGR_c20870,1410
394.NGR_c19570,1411
394.NGR_c25540,1412
394.NGR_c05280,1413
394.NGR_c05270,1414
394.NGR_c05250,1415
394.NGR_c09840,1416
394.NGR_c17990,1417
394.NGR_c25810,1418
394.NGR_c05350,1419
394.NGR_c14030,1420
394.NGR_c11280,1421
394.NGR_c31160,1422
394.NGR_c05370,1423
394.NGR_c31920,1424
394.NGR_c05410,1425
394.NGR_c24390,1426
394.NGR_c10150,1427
394.NGR_c36000,1428
394.NGR_c14020,1429
394.NGR_c26590,1430
394.NGR_c30600,1431
394.NGR_c05460,1432
394.NGR_c30110,1433
394.NGR_c23840,1434
394.NGR_c05470,1435
394.NGR_c25750,1436
394.NGR_c17910,1437
394.NGR_c34490,1438
394.NGR_c09650,1439
394.NGR_c31460,1440
394.NGR_c13610,1441
394.NGR_c05580,1442
394.NGR_c05590,1443
394.NGR_c30540,1444
394.NGR_c13680,1445
394.NGR_c20940,1446
394.NGR_c31400,1447
394.NGR_c17590,1448
394.NGR_c29960,1449
394.NGR_c05930,1450
394.NGR_c23870,1451
394.NGR_c23860,1452
394.NGR_c15260,1453
394.NGR_c15270,1454
394.NGR_c05980,1455
394.NGR_c24890,1456
394.NGR_c20930,1457
394.NGR_c08800,1458
394.NGR_c21540,1459
394.NGR_c09640,1460
394.NGR_c26270,1461
394.NGR_c30370,1462
394.NGR_c30920,1463
394.NGR_c31230,1464
394.NGR_c15720,1465
394.NGR_c24780,1466
394.NGR_c13600,1467
394.NGR_c28240,1468
394.NGR_c17160,1469
394.NGR_c08090,1470
394.NGR_c16430,1471
394.NGR_c06170,1472
394.NGR_c27540,1473
394.NGR_c33800,1474
394.NGR_c34750,1475
394.NGR_c09040,1476
394.NGR_c06310,1477
394.NGR_c06340,1478
394.NGR_c17680,1479
394.NGR_c19420,1480
394.NGR_c17690,1481
394.NGR_c06360,1482
394.NGR_c19430,1483
394.NGR_c06350,1484
394.NGR_c17750,1485
394.NGR_c19440,1486
394.NGR_c06380,1487
394.NGR_c06400,1488
394.NGR_c12940,1489
394.NGR_c15870,1490
394.NGR_c06450,1491
394.NGR_c06550,1492
394.NGR_c13350,1493
394.NGR_c28100,1494
394.NGR_c17020,1495
394.NGR_c06630,1496
394.NGR_c29110,1497
394.NGR_c29100,1498
394.NGR_c29120,1499
394.NGR_c06640,1500
394.NGR_c06710,1501
394.NGR_c29440,1502
394.NGR_c13440,1503
394.NGR_c06940,1504
394.NGR_c25210,1505
394.NGR_c26260,1506
394.NGR_c07020,1507
394.NGR_c07010,1508
394.NGR_c09960,1509
394.NGR_c07150,1510
394.NGR_c07160,1511
394.NGR_c25090,1512
394.NGR_c07180,1513
394.NGR_c10200,1514
394.NGR_c25370,1515
394.NGR_c30820,1516
394.NGR_c35780,1517
394.NGR_c16780,1518
394.NGR_c17620,1519
394.NGR_c31010,1520
394.NGR_c07360,1521
394.NGR_c07370,1522
394.NGR_c07400,1523
394.NGR_c07460,1524
394.NGR_c07490,1525
394.NGR_c29400,1526
394.NGR_c16980,1527
394.NGR_c19830,1528
394.NGR_c17600,1529
394.NGR_c19300,1530
394.NGR_c20490,1531
394.NGR_c22170,1532
394.NGR_c22150,1533
394.NGR_c36990,1534
394.NGR_c29690,1535
394.NGR_c29700,1536
394.NGR_c35990,1537
394.NGR_c08650,1538
394.NGR_c07510,1539
394.NGR_c07530,1540
394.NGR_c07520,1541
394.NGR_c08630,1542
394.NGR_c21070,1543
394.NGR_c07590,1544
394.NGR_c15410,1545
394.NGR_c15430,1546
394.NGR_c07790,1547
394.NGR_c07820,1548
394.NGR_c07810,1549
394.NGR_c07800,1550
394.NGR_c32370,1551
394.NGR_c32350,1552
394.NGR_c32360,1553
394.NGR_c18340,1554
394.NGR_c16160,1555
394.NGR_c23440,1556
394.NGR_c20080,1557
394.NGR_c24640,1558
394.NGR_c26960,1559
394.NGR_c29260,1560
394.NGR_c07860,1561
394.NGR_c12580,1562
394.NGR_c16660,1563
394.NGR_c24800,1564
394.NGR_c36370,1565
394.NGR_c36380,1566
394.NGR_c36710,1567
394.NGR_c08620,1568
394.NGR_c07940,1569
394.NGR_c07950,1570
394.NGR_c07960,1571
394.NGR_c27420,1572
394.NGR_c20380,1573
394.NGR_c27410,1574
394.NGR_c20370,1575
394.NGR_c18250,1576
394.NGR_c18260,1577
394.NGR_c27400,1578
394.NGR_c23640,1579
394.NGR_c23660,1580
394.NGR_c23650,1581
394.NGR_c31480,1582
394.NGR_c33190,1583
394.NGR_c15680,1584
394.NGR_c08010,1585
394.NGR_c18850,1586
394.NGR_c08030,1587
394.NGR_c18120,1588
394.NGR_c20760,1589
394.NGR_c08190,1590
394.NGR_c36920,1591
394.NGR_c08270,1592
394.NGR_c08280,1593
394.NGR_c10640,1594
394.NGR_c08300,1595
394.NGR_c13030,1596
394.NGR_c08310,1597
394.NGR_c18110,1598
394.NGR_c08330,1599
394.NGR_c08430,1600
394.NGR_c35000,1601
394.NGR_c35600,1602
394.NGR_c08470,1603
394.NGR_c08490,1604
394.NGR_c08500,1605
394.NGR_c09350,1606
394.NGR_c08600,1607
394.NGR_c28500,1608
394.NGR_c08720,1609
394.NGR_c08730,1610
394.NGR_c08760,1611
394.NGR_c09590,1612
394.NGR_c08780,1613
394.NGR_c21110,1614
394.NGR_c08810,1615
394.NGR_c20920,1616
394.NGR_c10010,1617
394.NGR_c22060,1618
394.NGR_c14390,1619
394.NGR_c14380,1620
394.NGR_c17930,1621
394.NGR_c30880,1622
394.NGR_c36170,1623
394.NGR_c10030,1624
394.NGR_c10040,1625
394.NGR_c23850,1626
394.NGR_c12320,1627
394.NGR_c25100,1628
394.NGR_c08960,1629
394.NGR_c37130,1630
394.NGR_c08980,1631
394.NGR_c35740,1632
394.NGR_c09000,1633
394.NGR_c27250,1634
394.NGR_c31190,1635
394.NGR_c35510,1636
394.NGR_c09050,1637
394.NGR_c24400,1638
394.NGR_c14580,1639
394.NGR_c09190,1640
394.NGR_c30870,1641
394.NGR_c30860,1642
394.NGR_c16140,1643
394.NGR_c20950,1644
394.NGR_c33640,1645
394.NGR_c34430,1646
394.NGR_c09290,1647
394.NGR_c35120,1648
394.NGR_c18720,1649
394.NGR_c09420,1650
394.NGR_c13730,1651
394.NGR_c13720,1652
394.NGR_c09440,1653
394.NGR_c11000,1654
394.NGR_c35140,1655
394.NGR_c17090,1656
394.NGR_c33420,1657
394.NGR_c36390,1658
394.NGR_c36430,1659
394.NGR_c13040,1660
394.NGR_c37080,1661
394.NGR_c20540,1662
394.NGR_c23300,1663
394.NGR_c32540,1664
394.NGR_c09580,1665
394.NGR_c32140,1666
394.NGR_c09620,1667
394.NGR_c09670,1668
394.NGR_c09680,1669
394.NGR_c20990,1670
394.NGR_c10880,1671
394.NGR_c21020,1672
394.NGR_c36160,1673
394.NGR_c09740,1674
394.NGR_c09780,1675
394.NGR_c09790,1676
394.NGR_c25800,1677
394.NGR_c25740,1678
394.NGR_c25790,1679
394.NGR_c09860,1680
394.NGR_c09950,1681
394.NGR_c09870,1682
394.NGR_c27170,1683
394.NGR_c09940,1684
394.NGR_c09990,1685
394.NGR_c27880,1686
394.NGR_c29320,1687
394.NGR_c20230,1688
394.NGR_c18910,1689
394.NGR_c13960,1690
394.NGR_c34060,1691
394.NGR_c31680,1692
394.NGR_c31690,1693
394.NGR_c14610,1694
394.NGR_c16680,1695
394.NGR_c26710,1696
394.NGR_c31910,1697
394.NGR_c17400,1698
394.NGR_c10270,1699
394.NGR_c21670,1700
394.NGR_c14490,1701
394.NGR_c31470,1702
394.NGR_c16390,1703
394.NGR_c20190,1704
394.NGR_c32860,1705
394.NGR_c10650,1706
394.NGR_c29870,1707
394.NGR_c17550,1708
394.NGR_c12950,1709
394.NGR_c10690,1710
394.NGR_c16820,1711
394.NGR_c32210,1712
394.NGR_c15070,1713
394.NGR_c10920,1714
394.NGR_c35480,1715
394.NGR_c10950,1716
394.NGR_c31970,1717
394.NGR_c10960,1718
394.NGR_c35370,1719
394.NGR_c12440,1720
394.NGR_c17790,1721
394.NGR_c18200,1722
394.NGR_c23630,1723
394.NGR_c24970,1724
394.NGR_c24680,1725
394.NGR_c26810,1726
394.NGR_c27200,1727
394.NGR_c27310,1728
394.NGR_c29210,1729
394.NGR_c29330,1730
394.NGR_c31770,1731
394.NGR_c36150,1732
394.NGR_c11090,1733
394.NGR_c11100,1734
394.NGR_c15200,1735
394.NGR_c27850,1736
394.NGR_c21060,1737
394.NGR_c27280,1738
394.NGR_c26410,1739
394.NGR_c23730,1740
394.NGR_c12380,1741
394.NGR_c31740,1742
394.NGR_c12190,1743
394.NGR_c31840,1744
394.NGR_c12210,1745
394.NGR_c12250,1746
394.NGR_c20480,1747
394.NGR_c12400,1748
394.NGR_c12550,1749
394.NGR_c34020,1750
394.NGR_c25270,1751
394.NGR_c17340,1752
394.NGR_c16770,1753
394.NGR_c19870,1754
394.NGR_c12650,1755
394.NGR_c12660,1756
394.NGR_c16440,1757
394.NGR_c12810,1758
394.NGR_c24050,1759
394.NGR_c15800,1760
394.NGR_c25400,1761
394.NGR_c27120,1762
394.NGR_c13860,1763
394.NGR_c12930,1764
394.NGR_c14780,1765
394.NGR_c34000,1766
394.NGR_c13050,1767
394.NGR_c29750,1768
394.NGR_c18150,1769
394.NGR_c18170,1770
394.NGR_c32680,1771
394.NGR_c13100,1772
394.NGR_c29410,1773
394.NGR_c30200,1774
394.NGR_c30210,1775
394.NGR_c13220,1776
394.NGR_c13250,1777
394.NGR_c23260,1778
394.NGR_c27910,1779
394.NGR_c35850,1780
394.NGR_c13920,1781
394.NGR_c21000,1782
394.NGR_c13460,1783
394.NGR_c13490,1784
394.NGR_c13500,1785
394.NGR_c27830,1786
394.NGR_c23520,1787
394.NGR_c21740,1788
394.NGR_c27820,1789
394.NGR_c24550,1790
394.NGR_c30070,1791
394.NGR_c26830,1792
394.NGR_c29830,1793
394.NGR_c13690,1794
394.NGR_c13710,1795
394.NGR_c13750,1796
394.NGR_c33550,1797
394.NGR_c13990,1798
394.NGR_c14120,1799
394.NGR_c32810,1800
394.NGR_c14190,1801
394.NGR_c15340,1802
394.NGR_c36080,1803
394.NGR_c34110,1804
394.NGR_c14600,1805
394.NGR_c14320,1806
394.NGR_c33600,1807
394.NGR_c22000,1808
394.NGR_c36970,1809
394.NGR_c16350,1810
394.NGR_c14420,1811
394.NGR_c29940,1812
394.NGR_c14550,1813
394.NGR_c17140,1814
394.NGR_c33770,1815
394.NGR_c34010,1816
394.NGR_c33790,1817
394.NGR_c35330,1818
394.NGR_c14680,1819
394.NGR_c27930,1820
394.NGR_c27920,1821
394.NGR_c14690,1822
394.NGR_c14700,1823
394.NGR_c21160,1824
394.NGR_c14770,1825
394.NGR_c14970,1826
394.NGR_c34200,1827
394.NGR_c25240,1828
394.NGR_c15010,1829
394.NGR_c15020,1830
394.NGR_c33150,1831
394.NGR_c15230,1832
394.NGR_c15240,1833
394.NGR_c15290,1834
394.NGR_c15300,1835
394.NGR_c33380,1836
394.NGR_c17890,1837
394.NGR_c33460,1838
394.NGR_c15650,1839
394.NGR_c19760,1840
394.NGR_c15670,1841
394.NGR_c15810,1842
394.NGR_c28300,1843
394.NGR_c28310,1844
394.NGR_c16260,1845
394.NGR_c16450,1846
394.NGR_c33240,1847
394.NGR_c16460,1848
394.NGR_c16580,1849
394.NGR_c16600,1850
394.NGR_c33810,1851
394.NGR_c16620,1852
394.NGR_c18710,1853
394.NGR_c16760,1854
394.NGR_c34140,1855
394.NGR_c16810,1856
394.NGR_c29340,1857
394.NGR_c16940,1858
394.NGR_c27950,1859
394.NGR_c33910,1860
394.NGR_c27800,1861
394.NGR_c17270,1862
394.NGR_c29420,1863
394.NGR_c17630,1864
394.NGR_c17640,1865
394.NGR_c17650,1866
394.NGR_c31020,1867
394.NGR_c19960,1868
394.NGR_c22280,1869
394.NGR_c29780,1870
394.NGR_c18180,1871
394.NGR_c26880,1872
394.NGR_c18190,1873
394.NGR_c27180,1874
394.NGR_c18290,1875
394.NGR_c18460,1876
394.NGR_c18380,1877
394.NGR_c18490,1878
394.NGR_c18330,1879
394.NGR_c18370,1880
394.NGR_c21800,1881
394.NGR_c27010,1882
394.NGR_c28040,1883
394.NGR_c25120,1884
394.NGR_c24010,1885
394.NGR_c23250,1886
394.NGR_c33830,1887
394.NGR_c20110,1888
394.NGR_c20120,1889
394.NGR_c20210,1890
394.NGR_c20350,1891
394.NGR_c25450,1892
394.NGR_c31370,1893
394.NGR_c20460,1894
394.NGR_c20720,1895
394.NGR_c31080,1896
394.NGR_c21790,1897
394.NGR_c36480,1898
394.NGR_c36900,1899
394.NGR_c28980,1900
394.NGR_c27020,1901
394.NGR_c21050,1902
394.NGR_c21200,1903
394.NGR_c21250,1904
394.NGR_c32650,1905
394.NGR_c21480,1906
394.NGR_c24580,1907
394.NGR_c24600,1908
394.NGR_c21780,1909
394.NGR_c22600,1910
394.NGR_c28960,1911
394.NGR_c31800,1912
394.NGR_c32280,1913
394.NGR_c23020,1914
394.NGR_c23080,1915
394.NGR_c23030,1916
394.NGR_c23040,1917
394.NGR_c23350,1918
394.NGR_c23420,1919
394.NGR_c24670,1920
394.NGR_c29160,1921
394.NGR_c36520,1922
394.NGR_c23540,1923
394.NGR_c25600,1924
394.NGR_c23910,1925
394.NGR_c23930,1926
394.NGR_c23970,1927
394.NGR_c24040,1928
394.NGR_c24300,1929
394.NGR_c24570,1930
394.NGR_c29490,1931
394.NGR_c25650,1932
394.NGR_c24930,1933
394.NGR_c25000,1934
394.NGR_c24950,1935
394.NGR_c24940,1936
394.NGR_c25060,1937
394.NGR_c25030,1938
394.NGR_c25720,1939
394.NGR_c25880,1940
394.NGR_c25890,1941
394.NGR_c26450,1942
394.NGR_c26370,1943
394.NGR_c25910,1944
394.NGR_c28190,1945
394.NGR_c26430,1946
394.NGR_c26340,1947
394.NGR_c25940,1948
394.NGR_c25960,1949
394.NGR_c37010,1950
394.NGR_c26020,1951
394.NGR_c25970,1952
394.NGR_c37020,1953
394.NGR_c27710,1954
394.NGR_c26230,1955
394.NGR_c31550,1956
394.NGR_c33650,1957
394.NGR_c26580,1958
394.NGR_c34880,1959
394.NGR_c26610,1960
394.NGR_c28250,1961
394.NGR_c31760,1962
394.NGR_c31580,1963
394.NGR_c27390,1964
394.NGR_c28160,1965
394.NGR_c33870,1966
394.NGR_c34450,1967
394.NGR_c28760,1968
394.NGR_c35650,1969
394.NGR_c29290,1970
394.NGR_c29300,1971
394.NGR_c29640,1972
394.NGR_c29790,1973
394.NGR_c29820,1974
394.NGR_c29860,1975
394.NGR_c30670,1976
394.NGR_c32690,1977
394.NGR_c30780,1978
394.NGR_c30790,1979
394.NGR_c31360,1980
394.NGR_c31710,1981
394.NGR_c32060,1982
394.NGR_c32920,1983
394.NGR_c33440,1984
394.NGR_c33450,1985
394.NGR_c33480,1986
394.NGR_c33500,1987
394.NGR_c34410,1988
394.NGR_c34150,1989
394.NGR_c36530,1990
394.NGR_c37040,1991
882.DVU0001,1992
882.DVU1571,1993
882.DVU1306,1994
882.DVU1098,1995
882.DVU0959,1996
882.DVU0496,1997
882.DVU0192,1998
882.DVU0594,1999
882.DVU2643,2000
882.DVU1610,2001
882.DVU1584,2002
882.DVU2252,2003
882.DVU1788,2004
882.DVU1889,2005
882.DVU3258,2006
882.DVU2878,2007
882.DVU2733,2008
882.DVU3243,2009
882.DVU0002,2010
882.DVU1608,2011
882.DVU1649,2012
882.DVU1982,2013
882.DVU2430,2014
882.DVU1976,2015
882.DVU1873,2016
882.DVU1746,2017
882.DVU1839,2018
882.DVU2144,2019
882.DVU2085,2020
882.DVU2092,2021
882.DVU2215,2022
882.DVU2316,2023
882.DVU2247,2024
882.DVU3203,2025
882.DVU2928,2026
882.DVU2906,2027
882.DVU2842,2028
882.DVU2531,2029
882.DVU2929,2030
882.DVU3198,2031
882.DVU3088,2032
882.DVU3242,2033
882.DVU3259,2034
882.DVU3389,2035
882.DVU3310,2036
882.DVU1586,2037
882.DVU1530,2038
882.DVU1515,2039
882.DVU1353,2040
882.DVU0071,2041
882.DVU1329,2042
882.DVU0070,2043
882.DVU0003,2044
882.DVU0004,2045
882.DVU0483,2046
882.DVU0284,2047
882.DVU0283,2048
882.DVU0156,2049
882.DVU0282,2050
882.DVU0453,2051
882.DVU0394,2052
882.DVU0393,2053
882.DVU0443,2054
882.DVU1257,2055
882.DVU0685,2056
882.DVU0643,2057
882.DVU0565,2058
882.DVU0895,2059
882.DVU0801,2060
882.DVU0875,2061
882.DVU1203,2062
882.DVU1090,2063
882.DVU1194,2064
882.DVU1282,2065
882.DVU1309,2066
882.DVU1667,2067
882.DVU1501,2068
882.DVU1429,2069
882.DVU0277,2070
882.DVU0979,2071
882.DVU0825,2072
882.DVU1335,2073
882.DVU0580,2074
882.DVU0762,2075
882.DVU0828,2076
882.DVU1679,2077
882.DVU3116,2078
882.DVU1789,2079
882.DVU2467,2080
882.DVU2449,2081
882.DVU2920,2082
882.DVU0840,2083
882.DVU0768,2084
882.DVU0525,2085
882.DVU0789,2086
882.DVU0811,2087
882.DVU2459,2088
882.DVU1602,2089
882.DVU1084,2090
882.DVU0971,2091
882.DVU0981,2092
882.DVU1874,2093
882.DVU1681,2094
882.DVU2222,2095
882.DVU3161,2096
882.DVU2499,2097
882.DVU2460,2098
882.DVU2664,2099
882.DVU2508,2100
882.DVU3360,2101
882.DVU0007,2102
882.DVU1693,2103
882.DVU1345,2104
882.DVU0028,2105
882.DVU1319,2106
882.DVU1196,2107
882.DVU1248,2108
882.DVU3367,2109
882.DVU2376,2110
882.DVU1927,2111
882.DVU1846,2112
882.DVU2055,2113
882.DVU2951,2114
882.DVU2533,2115
882.DVU2552,2116
882.DVU0009,2117
882.DVU0247,2118
882.DVU1063,2119
882.DVU0151,2120
882.DVU0110,2121
882.DVU0010,2122
882.DVU0011,2123
882.DVU0139,2124
882.DVU0118,2125
882.DVU0145,2126
882.DVU0946,2127
882.DVU0619,2128
882.DVU0482,2129
882.DVU0258,2130
882.DVU0270,2131
882.DVU0581,2132
882.DVU0539,2133
882.DVU0582,2134
882.DVU0706,2135
882.DVU0653,2136
882.DVU0621,2137
882.DVU0679,2138
882.DVU0804,2139
882.DVU0707,2140
882.DVU0744,2141
882.DVU3305,2142
882.DVU2934,2143
882.DVU2114,2144
882.DVU1156,2145
882.DVU1419,2146
882.DVU2546,2147
882.DVU2394,2148
882.DVU2822,2149
882.DVU3215,2150
882.DVU2960,2151
882.DVU2956,2152
882.DVU3023,2153
882.DVU3303,2154
882.DVU3220,2155
882.DVU3238,2156
882.DVU3381,2157
882.DVU3334,2158
882.DVU0705,2159
882.DVU2823,2160
882.DVU0013,2161
882.DVU2587,2162
882.DVU0645,2163
882.DVU0056,2164
882.DVU0018,2165
882.DVU0046,2166
882.DVU0129,2167
882.DVU0080,2168
882.DVU0183,2169
882.DVU0138,2170
882.DVU0591,2171
882.DVU0449,2172
882.DVU0379,2173
882.DVU0339,2174
882.DVU0521,2175
882.DVU0608,2176
882.DVU0592,2177
882.DVU1594,2178
882.DVU0786,2179
882.DVU0668,2180
882.DVU0652,2181
882.DVU0785,2182
882.DVU0722,2183
882.DVU0945,2184
882.DVU0935,2185
882.DVU0992,2186
882.DVU1593,2187
882.DVU1400,2188
882.DVU1083,2189
882.DVU1232,2190
882.DVU1169,2191
882.DVU1085,2192
882.DVU1181,2193
882.DVU1427,2194
882.DVU1412,2195
882.DVU1431,2196
882.DVU1475,2197
882.DVU1453,2198
882.DVU2073,2199
882.DVU1884,2200
882.DVU1596,2201
882.DVU1671,2202
882.DVU1628,2203
882.DVU1857,2204
882.DVU1962,2205
882.DVU1949,2206
882.DVU1904,2207
882.DVU1907,2208
882.DVU1961,2209
882.DVU2072,2210
882.DVU1975,2211
882.DVU2359,2212
882.DVU2309,2213
882.DVU2078,2214
882.DVU2295,2215
882.DVU2585,2216
882.DVU2577,2217
882.DVU2317,2218
882.DVU2547,2219
882.DVU2510,2220
882.DVU2505,2221
882.DVU2738,2222
882.DVU2588,2223
882.DVU2675,2224
882.DVU2933,2225
882.DVU2931,2226
882.DVU2894,2227
882.DVU2972,2228
882.DVU3182,2229
882.DVU3082,2230
882.DVU3035,2231
882.DVU3065,2232
882.DVU3155,2233
882.DVU3142,2234
882.DVU3123,2235
882.DVU3229,2236
882.DVU3228,2237
882.DVU0014,2238
882.DVU1308,2239
882.DVU0504,2240
882.DVU1298,2241
882.DVU1328,2242
882.DVU0874,2243
882.DVU0508,2244
882.DVU1303,2245
882.DVU1299,2246
882.DVU1302,2247
882.DVU1304,2248
882.DVU1305,2249
882.DVU1307,2250
882.DVU1317,2251
882.DVU1312,2252
882.DVU1310,2253
882.DVU1311,2254
882.DVU1316,2255
882.DVU1314,2256
882.DVU1313,2257
882.DVU1315,2258
882.DVU1320,2259
882.DVU1318,2260
882.DVU1326,2261
882.DVU1322,2262
882.DVU1327,2263
882.DVU2925,2264
882.DVU2519,2265
882.DVU2518,2266
882.DVU2924,2267
882.DVU2926,2268
882.DVU0737,2269
882.DVU3045,2270
882.DVU0721,2271
882.DVU1595,2272
882.DVU0025,2273
882.DVU0416,2274
882.DVU0022,2275
882.DVU0081,2276
882.DVU0092,2277
882.DVU0331,2278
882.DVU0271,2279
882.DVU0355,2280
882.DVU0408,2281
882.DVU0743,2282
882.DVU0717,2283
882.DVU0636,2284
882.DVU0422,2285
882.DVU0622,2286
882.DVU0681,2287
882.DVU1414,2288
882.DVU1190,2289
882.DVU0940,2290
882.DVU1231,2291
882.DVU1563,2292
882.DVU1862,2293
882.DVU2412,2294
882.DVU2067,2295
882.DVU3022,2296
882.DVU1805,2297
882.DVU1959,2298
882.DVU1960,2299
882.DVU2079,2300
882.DVU2074,2301
882.DVU2076,2302
882.DVU2281,2303
882.DVU2129,2304
882.DVU2395,2305
882.DVU2378,2306
882.DVU2967,2307
882.DVU2679,2308
882.DVU2570,2309
882.DVU2432,2310
882.DVU2616,2311
882.DVU2677,2312
882.DVU2954,2313
882.DVU2770,2314
882.DVU2962,2315
882.DVU3058,2316
882.DVU3335,2317
882.DVU3106,2318
882.DVU3064,2319
882.DVU3061,2320
882.DVU3062,2321
882.DVU3068,2322
882.DVU3269,2323
882.DVU3216,2324
882.DVU3180,2325
882.DVU0019,2326
882.DVU1044,2327
882.DVU0027,2328
882.DVU2788,2329
882.DVU0953,2330
882.DVU1819,2331
882.DVU2534,2332
882.DVU2306,2333
882.DVU0029,2334
882.DVU0388,2335
882.DVU0105,2336
882.DVU0968,2337
882.DVU0753,2338
882.DVU0747,2339
882.DVU0873,2340
882.DVU1236,2341
882.DVU2343,2342
882.DVU0030,2343
882.DVU0841,2344
882.DVU0392,2345
882.DVU2784,2346
882.DVU0891,2347
882.DVU1655,2348
882.DVU3223,2349
882.DVU0031,2350
882.DVU0551,2351
882.DVU0550,2352
882.DVU0548,2353
882.DVU0549,2354
882.DVU2742,2355
882.DVU0715,2356
882.DVU0713,2357
882.DVU0714,2358
882.DVU2740,2359
882.DVU0716,2360
882.DVU2741,2361
882.DVU2743,2362
882.DVU0033,2363
882.DVU3159,2364
882.DVU0034,2365
882.DVU0904,2366
882.DVU0999,2367
882.DVU0039,2368
882.DVU0041,2369
882.DVU2371,2370
882.DVU0042,2371
882.DVU1669,2372
882.DVU1624,2373
882.DVU1075,2374
882.DVU0500,2375
882.DVU0424,2376
882.DVU0396,2377
882.DVU0495,2378
882.DVU0764,2379
882.DVU0726,2380
882.DVU1024,2381
882.DVU0956,2382
882.DVU0839,2383
882.DVU0924,2384
882.DVU0958,2385
882.DVU0957,2386
882.DVU1022,2387
882.DVU1543,2388
882.DVU1134,2389
882.DVU1249,2390
882.DVU2904,2391
882.DVU1912,2392
882.DVU1864,2393
882.DVU1795,2394
882.DVU1896,2395
882.DVU1881,2396
882.DVU1910,2397
882.DVU2535,2398
882.DVU2369,2399
882.DVU2678,2400
882.DVU2537,2401
882.DVU2655,2402
882.DVU3055,2403
882.DVU2973,2404
882.DVU3051,2405
882.DVU3191,2406
882.DVU3207,2407
882.DVU0043,2408
882.DVU3232,2409
882.DVU0910,2410
882.DVU0312,2411
882.DVU0515,2412
882.DVU0048,2413
882.DVU2229,2414
882.DVU0050,2415
882.DVU1334,2416
882.DVU0640,2417
882.DVU2608,2418
882.DVU3103,2419
882.DVU0049,2420
882.DVU2609,2421
882.DVU0639,2422
882.DVU2228,2423
882.DVU0051,2424
882.DVU1623,2425
882.DVU0052,2426
882.DVU1337,2427
882.DVU1191,2428
882.DVU0053,2429
882.DVU1777,2430
882.DVU0054,2431
882.DVU1224,2432
882.DVU0055,2433
882.DVU1469,2434
882.DVU0664,2435
882.DVU1573,2436
882.DVU3150,2437
882.DVU0302,2438
882.DVU0344,2439
882.DVU0479,2440
882.DVU0620,2441
882.DVU0700,2442
882.DVU0680,2443
882.DVU0888,2444
882.DVU0750,2445
882.DVU1037,2446
882.DVU1360,2447
882.DVU1423,2448
882.DVU1418,2449
882.DVU1451,2450
882.DVU1869,2451
882.DVU1823,2452
882.DVU1958,2453
882.DVU1995,2454
882.DVU2075,2455
882.DVU2203,2456
882.DVU2647,2457
882.DVU3221,2458
882.DVU3358,2459
882.DVU3382,2460
882.DVU0187,2461
882.DVU0119,2462
882.DVU0170,2463
882.DVU0059,2464
882.DVU1013,2465
882.DVU0437,2466
882.DVU0062,2467
882.DVU0060,2468
882.DVU3246,2469
882.DVU2439,2470
882.DVU1820,2471
882.DVU2817,2472
882.DVU2815,2473
882.DVU3097,2474
882.DVU3247,2475
882.DVU0438,2476
882.DVU0061,2477
882.DVU2816,2478
882.DVU3248,2479
882.DVU3104,2480
882.DVU1018,2481
882.DVU1017,2482
882.DVU0526,2483
882.DVU2374,2484
882.DVU1422,2485
882.DVU1895,2486
882.DVU2437,2487
882.DVU3323,2488
882.DVU3324,2489
882.DVU0066,2490
882.DVU0068,2491
882.DVU3168,2492
882.DVU0478,2493
882.DVU1850,2494
882.DVU2907,2495
882.DVU2774,2496
882.DVU0072,2497
882.DVU2914,2498
882.DVU0925,2499
882.DVU0697,2500
882.DVU2668,2501
882.DVU1054,2502
882.DVU0073,2503
882.DVU0448,2504
882.DVU0253,2505
882.DVU0847,2506
882.DVU0807,2507
882.DVU1091,2508
882.DVU3110,2509
882.DVU1784,2510
882.DVU1364,2511
882.DVU2923,2512
882.DVU3071,2513
882.DVU3262,2514
882.DVU0074,2515
882.DVU0698,2516
882.DVU1363,2517
882.DVU0076,2518
882.DVU0635,2519
882.DVU0414,2520
882.DVU2137,2521
882.DVU2985,2522
882.DVU3029,2523
882.DVU3264,2524
882.DVU3265,2525
882.DVU0082,2526
882.DVU1095,2527
882.DVU0434,2528
882.DVU0606,2529
882.DVU3119,2530
882.DVU0600,2531
882.DVU1205,2532
882.DVU0995,2533
882.DVU0683,2534
882.DVU0684,2535
882.DVU0775,2536
882.DVU3017,2537
882.DVU2289,2538
882.DVU1933,2539
882.DVU3369,2540
882.DVU3355,2541
882.DVU0085,2542
882.DVU0470,2543
882.DVU0469,2544
882.DVU0471,2545
882.DVU2492,2546
882.DVU0089,2547
882.DVU0966,2548
882.DVU0967,2549
882.DVU0090,2550
882.DVU2495,2551
882.DVU0093,2552
882.DVU0335,2553
882.DVU0488,2554
882.DVU0998,2555
882.DVU2243,2556
882.DVU1406,2557
882.DVU1055,2558
882.DVU1956,2559
882.DVU3294,2560
882.DVU3319,2561
882.DVU0095,2562
882.DVU0097,2563
882.DVU0096,2564
882.DVU3072,2565
882.DVU0098,2566
882.DVU0291,2567
882.DVU0649,2568
882.DVU0177,2569
882.DVU0103,2570
882.DVU0648,2571
882.DVU0180,2572
882.DVU0181,2573
882.DVU0978,2574
882.DVU0745,2575
882.DVU0746,2576
882.DVU1936,2577
882.DVU3164,2578
882.DVU3162,2579
882.DVU3163,2580
882.DVU0099,2581
882.DVU0647,2582
882.DVU3099,2583
882.DVU2388,2584
882.DVU2806,2585
882.DVU3100,2586
882.DVU0102,2587
882.DVU1343,2588
882.DVU1342,2589
882.DVU1341,2590
882.DVU0104,2591
882.DVU0166,2592
882.DVU2749,2593
882.DVU2390,2594
882.DVU2576,2595
882.DVU2324,2596
882.DVU1993,2597
882.DVU2800,2598
882.DVU3332,2599
882.DVU0674,2600
882.DVU0712,2601
882.DVU0676,2602
882.DVU0675,2603
882.DVU0547,2604
882.DVU0494,2605
882.DVU0106,2606
882.DVU0389,2607
882.DVU0107,2608
882.DVU0307,2609
882.DVU0387,2610
882.DVU0386,2611
882.DVU0751,2612
882.DVU0738,2613
882.DVU0752,2614
882.DVU0767,2615
882.DVU1238,2616
882.DVU1237,2617
882.DVU2240,2618
882.DVU1443,2619
882.DVU1388,2620
882.DVU1627,2621
882.DVU2342,2622
882.DVU2340,2623
882.DVU2341,2624
882.DVU2615,2625
882.DVU3121,2626
882.DVU2744,2627
882.DVU3067,2628
882.DVU2202,2629
882.DVU3205,2630
882.DVU0596,2631
882.DVU1863,2632
882.DVU3230,2633
882.DVU3392,2634
882.DVU0111,2635
882.DVU0112,2636
882.DVU0663,2637
882.DVU0113,2638
882.DVU0796,2639
882.DVU0285,2640
882.DVU0114,2641
882.DVU3368,2642
882.DVU0115,2643
882.DVU0468,2644
882.DVU0466,2645
882.DVU0463,2646
882.DVU0364,2647
882.DVU0375,2648
882.DVU0892,2649
882.DVU1665,2650
882.DVU2061,2651
882.DVU3048,2652
882.DVU2521,2653
882.DVU3156,2654
882.DVU0117,2655
882.DVU1871,2656
882.DVU1766,2657
882.DVU0120,2658
882.DVU2477,2659
882.DVU2479,2660
882.DVU1937,2661
882.DVU1935,2662
882.DVU1934,2663
882.DVU2667,2664
882.DVU2665,2665
882.DVU0126,2666
882.DVU2260,2667
882.DVU1979,2668
882.DVU1047,2669
882.DVU0127,2670
882.DVU1087,2671
882.DVU1057,2672
882.DVU1048,2673
882.DVU1049,2674
882.DVU1462,2675
882.DVU1217,2676
882.DVU2586,2677
882.DVU2380,2678
882.DVU2555,2679
882.DVU2564,2680
882.DVU3052,2681
882.DVU3222,2682
882.DVU0130,2683
882.DVU1358,2684
882.DVU0135,2685
882.DVU1973,2686
882.DVU3037,2687
882.DVU0141,2688
882.DVU0142,2689
882.DVU0322,2690
882.DVU0152,2691
882.DVU2514,2692
882.DVU2983,2693
882.DVU2982,2694
882.DVU1677,2695
882.DVU0657,2696
882.DVU0734,2697
882.DVU1036,2698
882.DVU0867,2699
882.DVU1605,2700
882.DVU1987,2701
882.DVU2529,2702
882.DVU2256,2703
882.DVU2225,2704
882.DVU2441,2705
882.DVU0158,2706
882.DVU0175,2707
882.DVU2303,2708
882.DVU0160,2709
882.DVU0162,2710
882.DVU0911,2711
882.DVU3113,2712
882.DVU2902,2713
882.DVU2901,2714
882.DVU3245,2715
882.DVU0165,2716
882.DVU0167,2717
882.DVU2387,2718
882.DVU2084,2719
882.DVU0168,2720
882.DVU0169,2721
882.DVU2386,2722
882.DVU2384,2723
882.DVU2385,2724
882.DVU2461,2725
882.DVU2462,2726
882.DVU1029,2727
882.DVU0171,2728
882.DVU0172,2729
882.DVU0587,2730
882.DVU1287,2731
882.DVU0578,2732
882.DVU1286,2733
882.DVU0577,2734
882.DVU0535,2735
882.DVU0694,2736
882.DVU0588,2737
882.DVU0534,2738
882.DVU0173,2739
882.DVU1569,2740
882.DVU2543,2741
882.DVU2401,2742
882.DVU1918,2743
882.DVU1611,2744
882.DVU1771,2745
882.DVU1613,2746
882.DVU1917,2747
882.DVU1772,2748
882.DVU2400,2749
882.DVU1931,2750
882.DVU1921,2751
882.DVU1922,2752
882.DVU2013,2753
882.DVU1968,2754
882.DVU2098,2755
882.DVU2810,2756
882.DVU2526,2757
882.DVU2481,2758
882.DVU2476,2759
882.DVU2544,2760
882.DVU2525,2761
882.DVU2482,2762
882.DVU3145,2763
882.DVU2812,2764
882.DVU3025,2765
882.DVU3292,2766
882.DVU3212,2767
882.DVU2288,2768
882.DVU2293,2769
882.DVU0343,2770
882.DVU2287,2771
882.DVU0433,2772
882.DVU0430,2773
882.DVU0432,2774
882.DVU0686,2775
882.DVU0624,2776
882.DVU0693,2777
882.DVU2291,2778
882.DVU1290,2779
882.DVU1559,2780
882.DVU1597,2781
882.DVU1614,2782
882.DVU2286,2783
882.DVU2448,2784
882.DVU2493,2785
882.DVU2811,2786
882.DVU3143,2787
882.DVU0360,2788
882.DVU0589,2789
882.DVU2990,2790
882.DVU0176,2791
882.DVU2491,2792
882.DVU1953,2793
882.DVU1056,2794
882.DVU2888,2795
882.DVU1197,2796
882.DVU1164,2797
882.DVU1468,2798
882.DVU3278,2799
882.DVU0198,2800
882.DVU0227,2801
882.DVU0236,2802
882.DVU0237,2803
882.DVU0505,2804
882.DVU0241,2805
882.DVU2138,2806
882.DVU0246,2807
882.DVU0249,2808
882.DVU0531,2809
882.DVU0481,2810
882.DVU0319,2811
882.DVU0264,2812
882.DVU0342,2813
882.DVU0390,2814
882.DVU2402,2815
882.DVU0917,2816
882.DVU0812,2817
882.DVU0848,2818
882.DVU0827,2819
882.DVU0826,2820
882.DVU0849,2821
882.DVU0850,2822
882.DVU1783,2823
882.DVU1289,2824
882.DVU0973,2825
882.DVU1033,2826
882.DVU1782,2827
882.DVU1430,2828
882.DVU1876,2829
882.DVU2379,2830
882.DVU1939,2831
882.DVU1940,2832
882.DVU2471,2833
882.DVU2403,2834
882.DVU2455,2835
882.DVU2673,2836
882.DVU3132,2837
882.DVU3032,2838
882.DVU3027,2839
882.DVU3028,2840
882.DVU3033,2841
882.DVU3356,2842
882.DVU0257,2843
882.DVU1678,2844
882.DVU0749,2845
882.DVU0763,2846
882.DVU1617,2847
882.DVU1786,2848
882.DVU1653,2849
882.DVU2083,2850
882.DVU2422,2851
882.DVU2333,2852
882.DVU2764,2853
882.DVU3136,2854
882.DVU0261,2855
882.DVU1932,2856
882.DVU0871,2857
882.DVU0263,2858
882.DVU0266,2859
882.DVU0269,2860
882.DVU0279,2861
882.DVU0281,2862
882.DVU1847,2863
882.DVU2109,2864
882.DVU2330,2865
882.DVU1977,2866
882.DVU0380,2867
882.DVU0377,2868
882.DVU0299,2869
882.DVU0477,2870
882.DVU0576,2871
882.DVU1984,2872
882.DVU1300,2873
882.DVU0883,2874
882.DVU0777,2875
882.DVU0794,2876
882.DVU0881,2877
882.DVU0942,2878
882.DVU0929,2879
882.DVU0988,2880
882.DVU1096,2881
882.DVU1064,2882
882.DVU1206,2883
882.DVU1228,2884
882.DVU1981,2885
882.DVU1352,2886
882.DVU1457,2887
882.DVU1467,2888
882.DVU1583,2889
882.DVU1566,2890
882.DVU1658,2891
882.DVU1666,2892
882.DVU1799,2893
882.DVU1838,2894
882.DVU2410,2895
882.DVU2147,2896
882.DVU2125,2897
882.DVU2143,2898
882.DVU2399,2899
882.DVU2204,2900
882.DVU2150,2901
882.DVU2336,2902
882.DVU2368,2903
882.DVU2569,2904
882.DVU2475,2905
882.DVU2628,2906
882.DVU2657,2907
882.DVU3174,2908
882.DVU2937,2909
882.DVU2805,2910
882.DVU3095,2911
882.DVU2947,2912
882.DVU3315,2913
882.DVU3379,2914
882.DVU2139,2915
882.DVU1797,2916
882.DVU0286,2917
882.DVU0289,2918
882.DVU0296,2919
882.DVU0297,2920
882.DVU0836,2921
882.DVU2658,2922
882.DVU2224,2923
882.DVU0513,2924
882.DVU0512,2925
882.DVU0310,2926
882.DVU0313,2927
882.DVU0314,2928
882.DVU3202,2929
882.DVU0315,2930
882.DVU2893,2931
882.DVU0318,2932
882.DVU0983,2933
882.DVU0413,2934
882.DVU0503,2935
882.DVU1836,2936
882.DVU2538,2937
882.DVU2463,2938
882.DVU2226,2939
882.DVU2903,2940
882.DVU2765,2941
882.DVU0323,2942
882.DVU3363,2943
882.DVU0736,2944
882.DVU3206,2945
882.DVU3189,2946
882.DVU2373,2947
882.DVU3235,2948
882.DVU0325,2949
882.DVU0326,2950
882.DVU1924,2951
882.DVU0327,2952
882.DVU0330,2953
882.DVU1061,2954
882.DVU1060,2955
882.DVU0561,2956
882.DVU0861,2957
882.DVU1879,2958
882.DVU2995,2959
882.DVU1531,2960
882.DVU2635,2961
882.DVU2509,2962
882.DVU3192,2963
882.DVU0338,2964
882.DVU0765,2965
882.DVU2545,2966
882.DVU2396,2967
882.DVU2405,2968
882.DVU2885,2969
882.DVU0340,2970
882.DVU2486,2971
882.DVU0341,2972
882.DVU3114,2973
882.DVU0415,2974
882.DVU1625,2975
882.DVU2996,2976
882.DVU0347,2977
882.DVU0348,2978
882.DVU0362,2979
882.DVU0350,2980
882.DVU0351,2981
882.DVU0353,2982
882.DVU2754,2983
882.DVU2201,2984
882.DVU2905,2985
882.DVU0964,2986
882.DVU0627,2987
882.DVU0626,2988
882.DVU0585,2989
882.DVU0361,2990
882.DVU1868,2991
882.DVU1377,2992
882.DVU1376,2993
882.DVU3293,2994
882.DVU0363,2995
882.DVU0465,2996
882.DVU3047,2997
882.DVU0467,2998
882.DVU1533,2999
882.DVU3197,3000
882.DVU1043,3001
882.DVU0373,3002
882.DVU0374,3003
882.DVU1570,3004
882.DVU0846,3005
882.DVU1945,3006
882.DVU1944,3007
882.DVU3350,3008
882.DVU1946,3009
882.DVU3348,3010
882.DVU3349,3011
882.DVU0671,3012
882.DVU1059,3013
882.DVU1821,3014
882.DVU1822,3015
882.DVU3291,3016
882.DVU2086,3017
882.DVU0571,3018
882.DVU1040,3019
882.DVU2559,3020
882.DVU2347,3021
882.DVU2953,3022
882.DVU2364,3023
882.DVU2246,3024
882.DVU0395,3025
882.DVU1025,3026
882.DVU0510,3027
882.DVU3148,3028
882.DVU2170,3029
882.DVU1861,3030
882.DVU2349,3031
882.DVU2355,3032
882.DVU2871,3033
882.DVU3149,3034
882.DVU3256,3035
882.DVU0398,3036
882.DVU1579,3037
882.DVU0402,3038
882.DVU2776,3039
882.DVU0404,3040
882.DVU0403,3041
882.DVU3273,3042
882.DVU1198,3043
882.DVU0405,3044
882.DVU1012,3045
882.DVU3086,3046
882.DVU0409,3047
882.DVU0863,3048
882.DVU0410,3049
882.DVU0522,3050
882.DVU2320,3051
882.DVU2082,3052
882.DVU2444,3053
882.DVU0411,3054
882.DVU1465,3055
882.DVU0412,3056
882.DVU1630,3057
882.DVU0732,3058
882.DVU0905,3059
882.DVU3373,3060
882.DVU2066,3061
882.DVU1654,3062
882.DVU0417,3063
882.DVU0419,3064
882.DVU0890,3065
882.DVU3135,3066
882.DVU1913,3067
882.DVU0421,3068
882.DVU0886,3069
882.DVU0900,3070
882.DVU0927,3071
882.DVU2980,3072
882.DVU0428,3073
882.DVU0441,3074
882.DVU0429,3075
882.DVU0431,3076
882.DVU2292,3077
882.DVU2328,3078
882.DVU1165,3079
882.DVU0439,3080
882.DVU1201,3081
882.DVU0748,3082
882.DVU0689,3083
882.DVU0445,3084
882.DVU2250,3085
882.DVU2969,3086
882.DVU0450,3087
882.DVU0452,3088
882.DVU0457,3089
882.DVU0460,3090
882.DVU0501,3091
882.DVU0462,3092
882.DVU0464,3093
882.DVU3272,3094
882.DVU1038,3095
882.DVU0642,3096
882.DVU0704,3097
882.DVU1065,3098
882.DVU1575,3099
882.DVU1470,3100
882.DVU1452,3101
882.DVU1901,3102
882.DVU2205,3103
882.DVU2313,3104
882.DVU3297,3105
882.DVU3353,3106
882.DVU1646,3107
882.DVU1440,3108
882.DVU1568,3109
882.DVU2322,3110
882.DVU2280,3111
882.DVU3133,3112
882.DVU1790,3113
882.DVU0990,3114
882.DVU2843,3115
882.DVU0485,3116
882.DVU0487,3117
882.DVU0795,3118
882.DVU1622,3119
882.DVU2943,3120
882.DVU0489,3121
882.DVU0492,3122
882.DVU1466,3123
882.DVU0493,3124
882.DVU0654,3125
882.DVU3314,3126
882.DVU1330,3127
882.DVU2927,3128
882.DVU0835,3129
882.DVU0870,3130
882.DVU0928,3131
882.DVU2216,3132
882.DVU1211,3133
882.DVU1323,3134
882.DVU1325,3135
882.DVU1574,3136
882.DVU2218,3137
882.DVU2536,3138
882.DVU2912,3139
882.DVU2921,3140
882.DVU3059,3141
882.DVU0506,3142
882.DVU0554,3143
882.DVU0511,3144
882.DVU2259,3145
882.DVU3376,3146
882.DVU0520,3147
882.DVU3231,3148
882.DVU0862,3149
882.DVU1441,3150
882.DVU0523,3151
882.DVU0527,3152
882.DVU0529,3153
882.DVU0625,3154
882.DVU0540,3155
882.DVU0542,3156
882.DVU1068,3157
882.DVU1069,3158
882.DVU0552,3159
882.DVU0556,3160
882.DVU0562,3161
882.DVU0563,3162
882.DVU2935,3163
882.DVU0566,3164
882.DVU0735,3165
882.DVU1560,3166
882.DVU0951,3167
882.DVU1592,3168
882.DVU0593,3169
882.DVU1331,3170
882.DVU0595,3171
882.DVU1539,3172
882.DVU0597,3173
882.DVU2916,3174
882.DVU2565,3175
882.DVU0609,3176
882.DVU0610,3177
882.DVU1244,3178
882.DVU0611,3179
882.DVU0612,3180
882.DVU1246,3181
882.DVU1245,3182
882.DVU1243,3183
882.DVU1688,3184
882.DVU1812,3185
882.DVU2206,3186
882.DVU0633,3187
882.DVU2296,3188
882.DVU0872,3189
882.DVU3013,3190
882.DVU2052,3191
882.DVU2994,3192
882.DVU1459,3193
882.DVU2095,3194
882.DVU3241,3195
882.DVU0646,3196
882.DVU3170,3197
882.DVU1577,3198
882.DVU0650,3199
882.DVU1365,3200
882.DVU0656,3201
882.DVU0941,3202
882.DVU1295,3203
882.DVU1456,3204
882.DVU0661,3205
882.DVU0662,3206
882.DVU1967,3207
882.DVU0665,3208
882.DVU1964,3209
882.DVU1835,3210
882.DVU2427,3211
882.DVU2682,3212
882.DVU3014,3213
882.DVU0682,3214
882.DVU1077,3215
882.DVU1278,3216
882.DVU1428,3217
882.DVU1686,3218
882.DVU2230,3219
882.DVU2503,3220
882.DVU0687,3221
882.DVU1179,3222
882.DVU0776,3223
882.DVU1284,3224
882.DVU1841,3225
882.DVU1891,3226
882.DVU0703,3227
882.DVU2584,3228
882.DVU2435,3229
882.DVU0710,3230
882.DVU0723,3231
882.DVU3179,3232
882.DVU1349,3233
882.DVU1463,3234
882.DVU3169,3235
882.DVU2748,3236
882.DVU2540,3237
882.DVU0741,3238
882.DVU0742,3239
882.DVU1615,3240
882.DVU2530,3241
882.DVU2735,3242
882.DVU3253,3243
882.DVU3154,3244
882.DVU0769,3245
882.DVU0931,3246
882.DVU0771,3247
882.DVU0876,3248
882.DVU0773,3249
882.DVU0984,3250
882.DVU0774,3251
882.DVU0918,3252
882.DVU0780,3253
882.DVU0778,3254
882.DVU0779,3255
882.DVU3006,3256
882.DVU0887,3257
882.DVU0788,3258
882.DVU2500,3259
882.DVU1350,3260
882.DVU1336,3261
882.DVU1030,3262
882.DVU0897,3263
882.DVU0893,3264
882.DVU2100,3265
882.DVU1900,3266
882.DVU2507,3267
882.DVU3151,3268
882.DVU0791,3269
882.DVU2238,3270
882.DVU0808,3271
882.DVU0809,3272
882.DVU1885,3273
882.DVU0813,3274
882.DVU1550,3275
882.DVU1606,3276
882.DVU2674,3277
882.DVU3147,3278
882.DVU3263,3279
882.DVU2037,3280
882.DVU0816,3281
882.DVU1058,3282
882.DVU0819,3283
882.DVU2563,3284
882.DVU1204,3285
882.DVU1909,3286
882.DVU0823,3287
882.DVU1094,3288
882.DVU1587,3289
882.DVU1818,3290
882.DVU2014,3291
882.DVU3185,3292
882.DVU3093,3293
882.DVU3184,3294
882.DVU0829,3295
882.DVU0830,3296
882.DVU0980,3297
882.DVU1632,3298
882.DVU3030,3299
882.DVU1633,3300
882.DVU0831,3301
882.DVU1634,3302
882.DVU1454,3303
882.DVU0838,3304
882.DVU1078,3305
882.DVU0843,3306
882.DVU3347,3307
882.DVU1950,3308
882.DVU1947,3309
882.DVU3261,3310
882.DVU0851,3311
882.DVU1911,3312
882.DVU2404,3313
882.DVU0853,3314
882.DVU0854,3315
882.DVU1000,3316
882.DVU0856,3317
882.DVU0857,3318
882.DVU1384,3319
882.DVU0864,3320
882.DVU1840,3321
882.DVU1028,3322
882.DVU1768,3323
882.DVU3194,3324
882.DVU1700,3325
882.DVU2332,3326
882.DVU1208,3327
882.DVU0889,3328
882.DVU1619,3329
882.DVU1647,3330
882.DVU3210,3331
882.DVU2566,3332
882.DVU0894,3333
882.DVU2042,3334
882.DVU2062,3335
882.DVU0898,3336
882.DVU0899,3337
882.DVU1825,3338
882.DVU1092,3339
882.DVU2900,3340
882.DVU0901,3341
882.DVU1426,3342
882.DVU0906,3343
882.DVU0908,3344
882.DVU1585,3345
882.DVU0916,3346
882.DVU2131,3347
882.DVU0930,3348
882.DVU2362,3349
882.DVU2091,3350
882.DVU0932,3351
882.DVU0933,3352
882.DVU1404,3353
882.DVU0948,3354
882.DVU2769,3355
882.DVU0949,3356
882.DVU1072,3357
882.DVU0954,3358
882.DVU1663,3359
882.DVU1662,3360
882.DVU0955,3361
882.DVU1609,3362
882.DVU1424,3363
882.DVU1425,3364
882.DVU3139,3365
882.DVU0975,3366
882.DVU0982,3367
882.DVU3004,3368
882.DVU1680,3369
882.DVU2142,3370
882.DVU0997,3371
882.DVU3371,3372
882.DVU3167,3373
882.DVU1021,3374
882.DVU1980,3375
882.DVU1035,3376
882.DVU1652,3377
882.DVU2845,3378
882.DVU2237,3379
882.DVU1032,3380
882.DVU2077,3381
882.DVU1207,3382
882.DVU1684,3383
882.DVU1888,3384
882.DVU2490,3385
882.DVU1041,3386
882.DVU1042,3387
882.DVU2661,3388
882.DVU1367,3389
882.DVU2450,3390
882.DVU1109,3391
882.DVU1050,3392
882.DVU1052,3393
882.DVU2750,3394
882.DVU2889,3395
882.DVU2908,3396
882.DVU3087,3397
882.DVU1378,3398
882.DVU1066,3399
882.DVU1588,3400
882.DVU1067,3401
882.DVU1070,3402
882.DVU1079,3403
882.DVU1828,3404
882.DVU1080,3405
882.DVU3336,3406
882.DVU2478,3407
882.DVU2666,3408
882.DVU1088,3409
882.DVU1089,3410
882.DVU3200,3411
882.DVU1140,3412
882.DVU1147,3413
882.DVU2575,3414
882.DVU1827,3415
882.DVU1170,3416
882.DVU1173,3417
882.DVU3063,3418
882.DVU1174,3419
882.DVU1192,3420
882.DVU1532,3421
882.DVU1324,3422
882.DVU1200,3423
882.DVU1199,3424
882.DVU1775,3425
882.DVU3002,3426
882.DVU2254,3427
882.DVU2064,3428
882.DVU1638,3429
882.DVU2767,3430
882.DVU1631,3431
882.DVU1974,3432
882.DVU2367,3433
882.DVU3137,3434
882.DVU2561,3435
882.DVU3208,3436
882.DVU1233,3437
882.DVU1251,3438
882.DVU1252,3439
882.DVU1255,3440
882.DVU2966,3441
882.DVU1258,3442
882.DVU1262,3443
882.DVU1270,3444
882.DVU1271,3445
882.DVU1272,3446
882.DVU1811,3447
882.DVU1279,3448
882.DVU1656,3449
882.DVU2882,3450
882.DVU1283,3451
882.DVU1537,3452
882.DVU2646,3453
882.DVU2970,3454
882.DVU3366,3455
882.DVU1914,3456
882.DVU2981,3457
882.DVU1618,3458
882.DVU2979,3459
882.DVU2922,3460
882.DVU1455,3461
882.DVU1346,3462
882.DVU1348,3463
882.DVU1361,3464
882.DVU1368,3465
882.DVU1371,3466
882.DVU1373,3467
882.DVU1397,3468
882.DVU1407,3469
882.DVU2824,3470
882.DVU2272,3471
882.DVU1458,3472
882.DVU2446,3473
882.DVU1814,3474
882.DVU1815,3475
882.DVU1438,3476
882.DVU2557,3477
882.DVU1448,3478
882.DVU3172,3479
882.DVU2103,3480
882.DVU2976,3481
882.DVU1461,3482
882.DVU1464,3483
882.DVU1472,3484
882.DVU2140,3485
882.DVU1527,3486
882.DVU1551,3487
882.DVU1552,3488
882.DVU2680,3489
882.DVU1893,3490
882.DVU2255,3491
882.DVU1578,3492
882.DVU1580,3493
882.DVU1757,3494
882.DVU1738,3495
882.DVU2917,3496
882.DVU2942,3497
882.DVU1928,3498
882.DVU2579,3499
882.DVU1601,3500
882.DVU1709,3501
882.DVU1612,3502
882.DVU1769,3503
882.DVU3316,3504
882.DVU3279,3505
882.DVU2423,3506
882.DVU3204,3507
882.DVU3181,3508
882.DVU1807,3509
882.DVU1941,3510
882.DVU3140,3511
882.DVU2258,3512
882.DVU1660,3513
882.DVU3239,3514
882.DVU1999,3515
882.DVU2148,3516
882.DVU1692,3517
882.DVU1705,3518
882.DVU1710,3519
882.DVU1765,3520
882.DVU2094,3521
882.DVU2093,3522
882.DVU1767,3523
882.DVU2558,3524
882.DVU1770,3525
882.DVU2360,3526
882.DVU1802,3527
882.DVU1808,3528
882.DVU1809,3529
882.DVU3091,3530
882.DVU1813,3531
882.DVU3271,3532
882.DVU3270,3533
882.DVU1816,3534
882.DVU1833,3535
882.DVU2739,3536
882.DVU3214,3537
882.DVU3237,3538
882.DVU1834,3539
882.DVU1837,3540
882.DVU1860,3541
882.DVU1867,3542
882.DVU1875,3543
882.DVU1897,3544
882.DVU1898,3545
882.DVU1903,3546
882.DVU3176,3547
882.DVU1908,3548
882.DVU1919,3549
882.DVU1923,3550
882.DVU2659,3551
882.DVU2938,3552
882.DVU1951,3553
882.DVU3224,3554
882.DVU1954,3555
882.DVU2245,3556
882.DVU2757,3557
882.DVU2756,3558
882.DVU3079,3559
882.DVU3031,3560
882.DVU3295,3561
882.DVU1992,3562
882.DVU2010,3563
882.DVU2011,3564
882.DVU2034,3565
882.DVU2841,3566
882.DVU2035,3567
882.DVU2036,3568
882.DVU2043,3569
882.DVU2101,3570
882.DVU2102,3571
882.DVU2104,3572
882.DVU2110,3573
882.DVU2688,3574
882.DVU2819,3575
882.DVU3384,3576
882.DVU2242,3577
882.DVU2472,3578
882.DVU2244,3579
882.DVU2251,3580
882.DVU2285,3581
882.DVU2504,3582
882.DVU2290,3583
882.DVU2329,3584
882.DVU2297,3585
882.DVU2299,3586
882.DVU2298,3587
882.DVU2312,3588
882.DVU2350,3589
882.DVU2883,3590
882.DVU3307,3591
882.DVU2325,3592
882.DVU2532,3593
882.DVU2339,3594
882.DVU2348,3595
882.DVU2356,3596
882.DVU2560,3597
882.DVU2370,3598
882.DVU3359,3599
882.DVU2375,3600
882.DVU2398,3601
882.DVU2411,3602
882.DVU2436,3603
882.DVU2772,3604
882.DVU2442,3605
882.DVU2451,3606
882.DVU3375,3607
882.DVU2502,3608
882.DVU2506,3609
882.DVU2669,3610
882.DVU2541,3611
882.DVU2571,3612
882.DVU2572,3613
882.DVU2619,3614
882.DVU3387,3615
882.DVU3166,3616
882.DVU2644,3617
882.DVU3134,3618
882.DVU2825,3619
882.DVU2683,3620
882.DVU2746,3621
882.DVU2897,3622
882.DVU3026,3623
882.DVU3284,3624
882.DVU2809,3625
882.DVU2836,3626
882.DVU3287,3627
882.DVU2838,3628
882.DVU2839,3629
882.DVU2999,3630
882.DVU3365,3631
882.DVU2988,3632
882.DVU2989,3633
882.DVU3183,3634
882.DVU3218,3635
882.DVU3234,3636
882.DVU3233,3637
882.DVU3308,3638
882.DVU3326,3639
882.DVU3327,3640
882.DVU3337,3641
882.DVU3339,3642
882.DVU3338,3643
883.DvMF_0001,3644
883.DvMF_2123,3645
883.DvMF_0491,3646
883.DvMF_0477,3647
883.DvMF_0229,3648
883.DvMF_0082,3649
883.DvMF_0449,3650
883.DvMF_2081,3651
883.DvMF_0968,3652
883.DvMF_0494,3653
883.DvMF_0582,3654
883.DvMF_1308,3655
883.DvMF_1117,3656
883.DvMF_1713,3657
883.DvMF_1353,3658
883.DvMF_2952,3659
883.DvMF_2295,3660
883.DvMF_0003,3661
883.DvMF_2783,3662
883.DvMF_0318,3663
883.DvMF_1153,3664
883.DvMF_0256,3665
883.DvMF_0976,3666
883.DvMF_0442,3667
883.DvMF_0836,3668
883.DvMF_2446,3669
883.DvMF_1775,3670
883.DvMF_1421,3671
883.DvMF_1721,3672
883.DvMF_2177,3673
883.DvMF_2084,3674
883.DvMF_2357,3675
883.DvMF_2835,3676
883.DvMF_0008,3677
883.DvMF_0402,3678
883.DvMF_3161,3679
883.DvMF_0475,3680
883.DvMF_2077,3681
883.DvMF_0011,3682
883.DvMF_0012,3683
883.DvMF_0203,3684
883.DvMF_0195,3685
883.DvMF_0121,3686
883.DvMF_0096,3687
883.DvMF_3064,3688
883.DvMF_0085,3689
883.DvMF_0077,3690
883.DvMF_0013,3691
883.DvMF_3126,3692
883.DvMF_0050,3693
883.DvMF_0024,3694
883.DvMF_0383,3695
883.DvMF_1455,3696
883.DvMF_0348,3697
883.DvMF_0277,3698
883.DvMF_1440,3699
883.DvMF_0789,3700
883.DvMF_0413,3701
883.DvMF_0709,3702
883.DvMF_0536,3703
883.DvMF_0503,3704
883.DvMF_0592,3705
883.DvMF_0975,3706
883.DvMF_0965,3707
883.DvMF_0969,3708
883.DvMF_1138,3709
883.DvMF_0996,3710
883.DvMF_1049,3711
883.DvMF_2807,3712
883.DvMF_1528,3713
883.DvMF_1456,3714
883.DvMF_1462,3715
883.DvMF_1780,3716
883.DvMF_1736,3717
883.DvMF_1585,3718
883.DvMF_1737,3719
883.DvMF_2146,3720
883.DvMF_2082,3721
883.DvMF_2101,3722
883.DvMF_2720,3723
883.DvMF_2322,3724
883.DvMF_2308,3725
883.DvMF_2633,3726
883.DvMF_2848,3727
883.DvMF_2964,3728
883.DvMF_2931,3729
883.DvMF_0951,3730
883.DvMF_0105,3731
883.DvMF_0027,3732
883.DvMF_0881,3733
883.DvMF_0344,3734
883.DvMF_0759,3735
883.DvMF_2648,3736
883.DvMF_1395,3737
883.DvMF_0979,3738
883.DvMF_1447,3739
883.DvMF_1810,3740
883.DvMF_1751,3741
883.DvMF_1879,3742
883.DvMF_2485,3743
883.DvMF_2276,3744
883.DvMF_2958,3745
883.DvMF_2888,3746
883.DvMF_2820,3747
883.DvMF_0014,3748
883.DvMF_1793,3749
883.DvMF_0015,3750
883.DvMF_2315,3751
883.DvMF_1746,3752
883.DvMF_0016,3753
883.DvMF_1715,3754
883.DvMF_2809,3755
883.DvMF_0017,3756
883.DvMF_2042,3757
883.DvMF_2079,3758
883.DvMF_1605,3759
883.DvMF_1759,3760
883.DvMF_0192,3761
883.DvMF_3099,3762
883.DvMF_3191,3763
883.DvMF_2026,3764
883.DvMF_1595,3765
883.DvMF_1247,3766
883.DvMF_1009,3767
883.DvMF_0980,3768
883.DvMF_1518,3769
883.DvMF_1445,3770
883.DvMF_1593,3771
883.DvMF_1594,3772
883.DvMF_1604,3773
883.DvMF_1598,3774
883.DvMF_1596,3775
883.DvMF_1597,3776
883.DvMF_0018,3777
883.DvMF_2511,3778
883.DvMF_2027,3779
883.DvMF_0181,3780
883.DvMF_0074,3781
883.DvMF_0021,3782
883.DvMF_2962,3783
883.DvMF_2935,3784
883.DvMF_0023,3785
883.DvMF_0382,3786
883.DvMF_0880,3787
883.DvMF_0293,3788
883.DvMF_0484,3789
883.DvMF_0478,3790
883.DvMF_1902,3791
883.DvMF_3057,3792
883.DvMF_0355,3793
883.DvMF_0357,3794
883.DvMF_1760,3795
883.DvMF_0713,3796
883.DvMF_0566,3797
883.DvMF_0763,3798
883.DvMF_0911,3799
883.DvMF_0925,3800
883.DvMF_1264,3801
883.DvMF_1083,3802
883.DvMF_1540,3803
883.DvMF_1452,3804
883.DvMF_1561,3805
883.DvMF_2735,3806
883.DvMF_1943,3807
883.DvMF_2078,3808
883.DvMF_2058,3809
883.DvMF_2252,3810
883.DvMF_2125,3811
883.DvMF_2422,3812
883.DvMF_0025,3813
883.DvMF_2227,3814
883.DvMF_3008,3815
883.DvMF_0026,3816
883.DvMF_2550,3817
883.DvMF_0222,3818
883.DvMF_3160,3819
883.DvMF_0898,3820
883.DvMF_1008,3821
883.DvMF_1794,3822
883.DvMF_2075,3823
883.DvMF_2814,3824
883.DvMF_3061,3825
883.DvMF_0849,3826
883.DvMF_1860,3827
883.DvMF_1058,3828
883.DvMF_2379,3829
883.DvMF_1964,3830
883.DvMF_2202,3831
883.DvMF_0032,3832
883.DvMF_2939,3833
883.DvMF_2010,3834
883.DvMF_1361,3835
883.DvMF_0468,3836
883.DvMF_0226,3837
883.DvMF_0775,3838
883.DvMF_1460,3839
883.DvMF_1419,3840
883.DvMF_2643,3841
883.DvMF_2540,3842
883.DvMF_2021,3843
883.DvMF_2332,3844
883.DvMF_2543,3845
883.DvMF_0034,3846
883.DvMF_0035,3847
883.DvMF_2995,3848
883.DvMF_1515,3849
883.DvMF_1160,3850
883.DvMF_0631,3851
883.DvMF_0221,3852
883.DvMF_1430,3853
883.DvMF_0036,3854
883.DvMF_0630,3855
883.DvMF_0542,3856
883.DvMF_0696,3857
883.DvMF_0697,3858
883.DvMF_1159,3859
883.DvMF_1099,3860
883.DvMF_1100,3861
883.DvMF_2956,3862
883.DvMF_2163,3863
883.DvMF_2062,3864
883.DvMF_1516,3865
883.DvMF_1629,3866
883.DvMF_2098,3867
883.DvMF_2063,3868
883.DvMF_2259,3869
883.DvMF_2164,3870
883.DvMF_2359,3871
883.DvMF_2955,3872
883.DvMF_2953,3873
883.DvMF_2954,3874
883.DvMF_2159,3875
883.DvMF_1494,3876
883.DvMF_1627,3877
883.DvMF_2162,3878
883.DvMF_2365,3879
883.DvMF_0038,3880
883.DvMF_0039,3881
883.DvMF_0428,3882
883.DvMF_0852,3883
883.DvMF_1505,3884
883.DvMF_0855,3885
883.DvMF_0853,3886
883.DvMF_0854,3887
883.DvMF_1503,3888
883.DvMF_1502,3889
883.DvMF_1504,3890
883.DvMF_1733,3891
883.DvMF_0270,3892
883.DvMF_0273,3893
883.DvMF_0042,3894
883.DvMF_1875,3895
883.DvMF_1869,3896
883.DvMF_1982,3897
883.DvMF_1766,3898
883.DvMF_1718,3899
883.DvMF_1698,3900
883.DvMF_1692,3901
883.DvMF_1730,3902
883.DvMF_1732,3903
883.DvMF_1859,3904
883.DvMF_1773,3905
883.DvMF_1782,3906
883.DvMF_2601,3907
883.DvMF_0332,3908
883.DvMF_3074,3909
883.DvMF_2564,3910
883.DvMF_3073,3911
883.DvMF_3020,3912
883.DvMF_3181,3913
883.DvMF_3072,3914
883.DvMF_3060,3915
883.DvMF_3024,3916
883.DvMF_3116,3917
883.DvMF_0284,3918
883.DvMF_0215,3919
883.DvMF_0063,3920
883.DvMF_0064,3921
883.DvMF_0271,3922
883.DvMF_0274,3923
883.DvMF_0282,3924
883.DvMF_1209,3925
883.DvMF_0585,3926
883.DvMF_0619,3927
883.DvMF_1324,3928
883.DvMF_0465,3929
883.DvMF_0793,3930
883.DvMF_1633,3931
883.DvMF_2489,3932
883.DvMF_0392,3933
883.DvMF_0367,3934
883.DvMF_0427,3935
883.DvMF_0467,3936
883.DvMF_0563,3937
883.DvMF_0608,3938
883.DvMF_0700,3939
883.DvMF_0670,3940
883.DvMF_0621,3941
883.DvMF_0620,3942
883.DvMF_0699,3943
883.DvMF_0774,3944
883.DvMF_0706,3945
883.DvMF_0792,3946
883.DvMF_0780,3947
883.DvMF_1260,3948
883.DvMF_1060,3949
883.DvMF_0961,3950
883.DvMF_0917,3951
883.DvMF_0882,3952
883.DvMF_0823,3953
883.DvMF_0865,3954
883.DvMF_1021,3955
883.DvMF_0948,3956
883.DvMF_1057,3957
883.DvMF_1208,3958
883.DvMF_1129,3959
883.DvMF_1114,3960
883.DvMF_1096,3961
883.DvMF_1097,3962
883.DvMF_1139,3963
883.DvMF_1156,3964
883.DvMF_1223,3965
883.DvMF_1213,3966
883.DvMF_1251,3967
883.DvMF_1993,3968
883.DvMF_1501,3969
883.DvMF_1493,3970
883.DvMF_1360,3971
883.DvMF_1372,3972
883.DvMF_1407,3973
883.DvMF_1458,3974
883.DvMF_1461,3975
883.DvMF_1624,3976
883.DvMF_1607,3977
883.DvMF_1608,3978
883.DvMF_1991,3979
883.DvMF_1988,3980
883.DvMF_1631,3981
883.DvMF_2182,3982
883.DvMF_2095,3983
883.DvMF_1996,3984
883.DvMF_2011,3985
883.DvMF_2109,3986
883.DvMF_2107,3987
883.DvMF_2149,3988
883.DvMF_2213,3989
883.DvMF_2200,3990
883.DvMF_2257,3991
883.DvMF_2273,3992
883.DvMF_2324,3993
883.DvMF_2452,3994
883.DvMF_2340,3995
883.DvMF_2334,3996
883.DvMF_2346,3997
883.DvMF_2373,3998
883.DvMF_2411,3999
883.DvMF_2536,4000
883.DvMF_2542,4001
883.DvMF_2526,4002
883.DvMF_2549,4003
883.DvMF_2572,4004
883.DvMF_2584,4005
883.DvMF_2614,4006
883.DvMF_2615,4007
883.DvMF_2644,4008
883.DvMF_2779,4009
883.DvMF_2679,4010
883.DvMF_2693,4011
883.DvMF_2710,4012
883.DvMF_2683,4013
883.DvMF_2748,4014
883.DvMF_2712,4015
883.DvMF_2988,4016
883.DvMF_2843,4017
883.DvMF_2785,4018
883.DvMF_2823,4019
883.DvMF_2986,4020
883.DvMF_2876,4021
883.DvMF_3010,4022
883.DvMF_0046,4023
883.DvMF_0047,4024
883.DvMF_3097,4025
883.DvMF_2370,4026
883.DvMF_0048,4027
883.DvMF_3007,4028
883.DvMF_2872,4029
883.DvMF_0257,4030
883.DvMF_0797,4031
883.DvMF_0306,4032
883.DvMF_0474,4033
883.DvMF_2313,4034
883.DvMF_0090,4035
883.DvMF_2508,4036
883.DvMF_2509,4037
883.DvMF_0196,4038
883.DvMF_0308,4039
883.DvMF_0091,4040
883.DvMF_0092,4041
883.DvMF_0102,4042
883.DvMF_0093,4043
883.DvMF_0309,4044
883.DvMF_0095,4045
883.DvMF_0094,4046
883.DvMF_0098,4047
883.DvMF_0171,4048
883.DvMF_0104,4049
883.DvMF_0103,4050
883.DvMF_1453,4051
883.DvMF_0569,4052
883.DvMF_0970,4053
883.DvMF_1451,4054
883.DvMF_1434,4055
883.DvMF_1454,4056
883.DvMF_2294,4057
883.DvMF_1702,4058
883.DvMF_1772,4059
883.DvMF_2132,4060
883.DvMF_2121,4061
883.DvMF_2924,4062
883.DvMF_0089,4063
883.DvMF_0088,4064
883.DvMF_0081,4065
883.DvMF_0075,4066
883.DvMF_0076,4067
883.DvMF_0079,4068
883.DvMF_0078,4069
883.DvMF_0080,4070
883.DvMF_0086,4071
883.DvMF_0083,4072
883.DvMF_0084,4073
883.DvMF_0087,4074
883.DvMF_0051,4075
883.DvMF_1343,4076
883.DvMF_0861,4077
883.DvMF_0223,4078
883.DvMF_3153,4079
883.DvMF_3151,4080
883.DvMF_3154,4081
883.DvMF_1342,4082
883.DvMF_1163,4083
883.DvMF_0862,4084
883.DvMF_1162,4085
883.DvMF_1165,4086
883.DvMF_1164,4087
883.DvMF_1166,4088
883.DvMF_2788,4089
883.DvMF_2607,4090
883.DvMF_1570,4091
883.DvMF_1480,4092
883.DvMF_1482,4093
883.DvMF_1481,4094
883.DvMF_1569,4095
883.DvMF_1483,4096
883.DvMF_1568,4097
883.DvMF_1940,4098
883.DvMF_1583,4099
883.DvMF_1580,4100
883.DvMF_1581,4101
883.DvMF_1919,4102
883.DvMF_1584,4103
883.DvMF_1920,4104
883.DvMF_2786,4105
883.DvMF_2686,4106
883.DvMF_2610,4107
883.DvMF_2608,4108
883.DvMF_2609,4109
883.DvMF_2684,4110
883.DvMF_2611,4111
883.DvMF_2685,4112
883.DvMF_2777,4113
883.DvMF_2752,4114
883.DvMF_2750,4115
883.DvMF_2751,4116
883.DvMF_2754,4117
883.DvMF_2753,4118
883.DvMF_2773,4119
883.DvMF_0055,4120
883.DvMF_2049,4121
883.DvMF_0888,4122
883.DvMF_0533,4123
883.DvMF_3001,4124
883.DvMF_2675,4125
883.DvMF_0532,4126
883.DvMF_0236,4127
883.DvMF_2674,4128
883.DvMF_0056,4129
883.DvMF_1310,4130
883.DvMF_0362,4131
883.DvMF_0059,4132
883.DvMF_3172,4133
883.DvMF_0339,4134
883.DvMF_0227,4135
883.DvMF_0514,4136
883.DvMF_2629,4137
883.DvMF_1450,4138
883.DvMF_0955,4139
883.DvMF_0821,4140
883.DvMF_1908,4141
883.DvMF_2691,4142
883.DvMF_0060,4143
883.DvMF_0061,4144
883.DvMF_0495,4145
883.DvMF_2873,4146
883.DvMF_0813,4147
883.DvMF_2669,4148
883.DvMF_0905,4149
883.DvMF_2300,4150
883.DvMF_3203,4151
883.DvMF_2548,4152
883.DvMF_2963,4153
883.DvMF_3023,4154
883.DvMF_0866,4155
883.DvMF_0466,4156
883.DvMF_3083,4157
883.DvMF_0331,4158
883.DvMF_0211,4159
883.DvMF_0213,4160
883.DvMF_0617,4161
883.DvMF_0556,4162
883.DvMF_0509,4163
883.DvMF_0616,4164
883.DvMF_0768,4165
883.DvMF_0701,4166
883.DvMF_0778,4167
883.DvMF_0824,4168
883.DvMF_1366,4169
883.DvMF_1088,4170
883.DvMF_1477,4171
883.DvMF_1014,4172
883.DvMF_0991,4173
883.DvMF_1089,4174
883.DvMF_1222,4175
883.DvMF_1131,4176
883.DvMF_1102,4177
883.DvMF_1200,4178
883.DvMF_1141,4179
883.DvMF_1243,4180
883.DvMF_1232,4181
883.DvMF_1537,4182
883.DvMF_1530,4183
883.DvMF_1492,4184
883.DvMF_1858,4185
883.DvMF_1763,4186
883.DvMF_1544,4187
883.DvMF_1768,4188
883.DvMF_1907,4189
883.DvMF_1931,4190
883.DvMF_1932,4191
883.DvMF_2099,4192
883.DvMF_2133,4193
883.DvMF_2249,4194
883.DvMF_1989,4195
883.DvMF_2108,4196
883.DvMF_2148,4197
883.DvMF_2137,4198
883.DvMF_2135,4199
883.DvMF_2189,4200
883.DvMF_2201,4201
883.DvMF_2333,4202
883.DvMF_2544,4203
883.DvMF_2483,4204
883.DvMF_2350,4205
883.DvMF_2454,4206
883.DvMF_2537,4207
883.DvMF_2528,4208
883.DvMF_2539,4209
883.DvMF_2541,4210
883.DvMF_2640,4211
883.DvMF_2637,4212
883.DvMF_2758,4213
883.DvMF_2678,4214
883.DvMF_2731,4215
883.DvMF_2772,4216
883.DvMF_2762,4217
883.DvMF_2926,4218
883.DvMF_2778,4219
883.DvMF_0066,4220
883.DvMF_2534,4221
883.DvMF_0646,4222
883.DvMF_0165,4223
883.DvMF_0067,4224
883.DvMF_0166,4225
883.DvMF_0644,4226
883.DvMF_0320,4227
883.DvMF_0319,4228
883.DvMF_0448,4229
883.DvMF_0445,4230
883.DvMF_0643,4231
883.DvMF_2533,4232
883.DvMF_1484,4233
883.DvMF_0932,4234
883.DvMF_0647,4235
883.DvMF_0931,4236
883.DvMF_1217,4237
883.DvMF_1216,4238
883.DvMF_1245,4239
883.DvMF_1612,4240
883.DvMF_1611,4241
883.DvMF_1693,4242
883.DvMF_2470,4243
883.DvMF_2469,4244
883.DvMF_2689,4245
883.DvMF_2672,4246
883.DvMF_2597,4247
883.DvMF_2688,4248
883.DvMF_0184,4249
883.DvMF_0325,4250
883.DvMF_0119,4251
883.DvMF_0262,4252
883.DvMF_0326,4253
883.DvMF_0446,4254
883.DvMF_0624,4255
883.DvMF_0645,4256
883.DvMF_0933,4257
883.DvMF_0648,4258
883.DvMF_0989,4259
883.DvMF_0938,4260
883.DvMF_0988,4261
883.DvMF_2389,4262
883.DvMF_1695,4263
883.DvMF_1233,4264
883.DvMF_1490,4265
883.DvMF_1948,4266
883.DvMF_2385,4267
883.DvMF_1956,4268
883.DvMF_2233,4269
883.DvMF_2468,4270
883.DvMF_2459,4271
883.DvMF_2671,4272
883.DvMF_2596,4273
883.DvMF_2659,4274
883.DvMF_2713,4275
883.DvMF_0069,4276
883.DvMF_0766,4277
883.DvMF_0396,4278
883.DvMF_0070,4279
883.DvMF_0323,4280
883.DvMF_0324,4281
883.DvMF_2022,4282
883.DvMF_1567,4283
883.DvMF_1126,4284
883.DvMF_0811,4285
883.DvMF_1473,4286
883.DvMF_1862,4287
883.DvMF_1710,4288
883.DvMF_1819,4289
883.DvMF_1867,4290
883.DvMF_1868,4291
883.DvMF_2358,4292
883.DvMF_2196,4293
883.DvMF_2175,4294
883.DvMF_2353,4295
883.DvMF_2494,4296
883.DvMF_3005,4297
883.DvMF_2893,4298
883.DvMF_2875,4299
883.DvMF_2895,4300
883.DvMF_2894,4301
883.DvMF_3003,4302
883.DvMF_1863,4303
883.DvMF_0397,4304
883.DvMF_0464,4305
883.DvMF_2555,4306
883.DvMF_2593,4307
883.DvMF_2896,4308
883.DvMF_2874,4309
883.DvMF_0101,4310
883.DvMF_0099,4311
883.DvMF_3103,4312
883.DvMF_3105,4313
883.DvMF_0106,4314
883.DvMF_0234,4315
883.DvMF_0488,4316
883.DvMF_0292,4317
883.DvMF_0555,4318
883.DvMF_1351,4319
883.DvMF_0981,4320
883.DvMF_0984,4321
883.DvMF_0983,4322
883.DvMF_0982,4323
883.DvMF_1350,4324
883.DvMF_2513,4325
883.DvMF_1448,4326
883.DvMF_1444,4327
883.DvMF_1379,4328
883.DvMF_1352,4329
883.DvMF_1380,4330
883.DvMF_1442,4331
883.DvMF_1486,4332
883.DvMF_1986,4333
883.DvMF_2248,4334
883.DvMF_2506,4335
883.DvMF_2919,4336
883.DvMF_2887,4337
883.DvMF_2757,4338
883.DvMF_2718,4339
883.DvMF_2883,4340
883.DvMF_0501,4341
883.DvMF_0372,4342
883.DvMF_0307,4343
883.DvMF_0562,4344
883.DvMF_2037,4345
883.DvMF_1512,4346
883.DvMF_1946,4347
883.DvMF_1942,4348
883.DvMF_3091,4349
883.DvMF_1356,4350
883.DvMF_0993,4351
883.DvMF_1708,4352
883.DvMF_2336,4353
883.DvMF_0100,4354
883.DvMF_0500,4355
883.DvMF_0347,4356
883.DvMF_0558,4357
883.DvMF_1560,4358
883.DvMF_1783,4359
883.DvMF_1809,4360
883.DvMF_2029,4361
883.DvMF_2510,4362
883.DvMF_2799,4363
883.DvMF_3200,4364
883.DvMF_0369,4365
883.DvMF_0346,4366
883.DvMF_0243,4367
883.DvMF_2263,4368
883.DvMF_2380,4369
883.DvMF_2376,4370
883.DvMF_2515,4371
883.DvMF_3000,4372
883.DvMF_3022,4373
883.DvMF_3090,4374
883.DvMF_0287,4375
883.DvMF_0487,4376
883.DvMF_0310,4377
883.DvMF_0878,4378
883.DvMF_0816,4379
883.DvMF_0844,4380
883.DvMF_1431,4381
883.DvMF_2920,4382
883.DvMF_3141,4383
883.DvMF_1335,4384
883.DvMF_2217,4385
883.DvMF_2999,4386
883.DvMF_0607,4387
883.DvMF_2144,4388
883.DvMF_1776,4389
883.DvMF_0544,4390
883.DvMF_0546,4391
883.DvMF_0545,4392
883.DvMF_0817,4393
883.DvMF_1365,4394
883.DvMF_1706,4395
883.DvMF_2039,4396
883.DvMF_2388,4397
883.DvMF_2387,4398
883.DvMF_2665,4399
883.DvMF_2838,4400
883.DvMF_2382,4401
883.DvMF_3021,4402
883.DvMF_2941,4403
883.DvMF_0567,4404
883.DvMF_0111,4405
883.DvMF_0275,4406
883.DvMF_0458,4407
883.DvMF_1549,4408
883.DvMF_1791,4409
883.DvMF_2612,4410
883.DvMF_0440,4411
883.DvMF_0575,4412
883.DvMF_0334,4413
883.DvMF_0850,4414
883.DvMF_0787,4415
883.DvMF_0912,4416
883.DvMF_1132,4417
883.DvMF_2024,4418
883.DvMF_1485,4419
883.DvMF_2087,4420
883.DvMF_2178,4421
883.DvMF_1789,4422
883.DvMF_0540,4423
883.DvMF_0541,4424
883.DvMF_0627,4425
883.DvMF_1048,4426
883.DvMF_1449,4427
883.DvMF_2390,4428
883.DvMF_0890,4429
883.DvMF_1703,4430
883.DvMF_2224,4431
883.DvMF_3163,4432
883.DvMF_0451,4433
883.DvMF_3176,4434
883.DvMF_0153,4435
883.DvMF_0258,4436
883.DvMF_0403,4437
883.DvMF_0919,4438
883.DvMF_0918,4439
883.DvMF_2069,4440
883.DvMF_2051,4441
883.DvMF_0108,4442
883.DvMF_0155,4443
883.DvMF_2124,4444
883.DvMF_0109,4445
883.DvMF_2211,4446
883.DvMF_1406,4447
883.DvMF_0268,4448
883.DvMF_0110,4449
883.DvMF_3084,4450
883.DvMF_0112,4451
883.DvMF_2048,4452
883.DvMF_0459,4453
883.DvMF_1312,4454
883.DvMF_1195,4455
883.DvMF_1909,4456
883.DvMF_1734,4457
883.DvMF_1899,4458
883.DvMF_2280,4459
883.DvMF_2083,4460
883.DvMF_2695,4461
883.DvMF_0876,4462
883.DvMF_1194,4463
883.DvMF_3068,4464
883.DvMF_1331,4465
883.DvMF_2207,4466
883.DvMF_0117,4467
883.DvMF_0118,4468
883.DvMF_3170,4469
883.DvMF_1498,4470
883.DvMF_0437,4471
883.DvMF_1417,4472
883.DvMF_2992,4473
883.DvMF_1917,4474
883.DvMF_2066,4475
883.DvMF_2651,4476
883.DvMF_0612,4477
883.DvMF_0266,4478
883.DvMF_2019,4479
883.DvMF_2993,4480
883.DvMF_0122,4481
883.DvMF_0124,4482
883.DvMF_0125,4483
883.DvMF_2756,4484
883.DvMF_2490,4485
883.DvMF_0126,4486
883.DvMF_0129,4487
883.DvMF_0260,4488
883.DvMF_1123,4489
883.DvMF_0401,4490
883.DvMF_0130,4491
883.DvMF_3088,4492
883.DvMF_1938,4493
883.DvMF_1020,4494
883.DvMF_1826,4495
883.DvMF_2399,4496
883.DvMF_2269,4497
883.DvMF_2845,4498
883.DvMF_2884,4499
883.DvMF_0135,4500
883.DvMF_1983,4501
883.DvMF_0137,4502
883.DvMF_0141,4503
883.DvMF_0138,4504
883.DvMF_0140,4505
883.DvMF_2692,4506
883.DvMF_1910,4507
883.DvMF_0142,4508
883.DvMF_1496,4509
883.DvMF_0144,4510
883.DvMF_3123,4511
883.DvMF_2641,4512
883.DvMF_0148,4513
883.DvMF_0150,4514
883.DvMF_0410,4515
883.DvMF_3164,4516
883.DvMF_0687,4517
883.DvMF_0154,4518
883.DvMF_2624,4519
883.DvMF_1346,4520
883.DvMF_0642,4521
883.DvMF_1358,4522
883.DvMF_1613,4523
883.DvMF_1883,4524
883.DvMF_1864,4525
883.DvMF_1797,4526
883.DvMF_1882,4527
883.DvMF_2625,4528
883.DvMF_1934,4529
883.DvMF_0515,4530
883.DvMF_3085,4531
883.DvMF_2138,4532
883.DvMF_0156,4533
883.DvMF_0441,4534
883.DvMF_2852,4535
883.DvMF_2709,4536
883.DvMF_2975,4537
883.DvMF_0160,4538
883.DvMF_3054,4539
883.DvMF_2622,4540
883.DvMF_1469,4541
883.DvMF_1425,4542
883.DvMF_1426,4543
883.DvMF_1873,4544
883.DvMF_1838,4545
883.DvMF_2618,4546
883.DvMF_2903,4547
883.DvMF_2901,4548
883.DvMF_2991,4549
883.DvMF_2471,4550
883.DvMF_2386,4551
883.DvMF_3189,4552
883.DvMF_3194,4553
883.DvMF_3187,4554
883.DvMF_3192,4555
883.DvMF_3193,4556
883.DvMF_0641,4557
883.DvMF_1519,4558
883.DvMF_0930,4559
883.DvMF_1491,4560
883.DvMF_0945,4561
883.DvMF_2094,4562
883.DvMF_1520,4563
883.DvMF_1522,4564
883.DvMF_1609,4565
883.DvMF_1601,4566
883.DvMF_1603,4567
883.DvMF_1898,4568
883.DvMF_2602,4569
883.DvMF_2942,4570
883.DvMF_0167,4571
883.DvMF_0521,4572
883.DvMF_0518,4573
883.DvMF_0522,4574
883.DvMF_0802,4575
883.DvMF_2348,4576
883.DvMF_0169,4577
883.DvMF_3063,4578
883.DvMF_1729,4579
883.DvMF_2312,4580
883.DvMF_0172,4581
883.DvMF_1383,4582
883.DvMF_2274,4583
883.DvMF_0173,4584
883.DvMF_0174,4585
883.DvMF_1745,4586
883.DvMF_1762,4587
883.DvMF_0183,4588
883.DvMF_0609,4589
883.DvMF_2054,4590
883.DvMF_0185,4591
883.DvMF_0602,4592
883.DvMF_0605,4593
883.DvMF_0476,4594
883.DvMF_0604,4595
883.DvMF_0603,4596
883.DvMF_0610,4597
883.DvMF_1143,4598
883.DvMF_1709,4599
883.DvMF_2055,4600
883.DvMF_2056,4601
883.DvMF_2057,4602
883.DvMF_2892,4603
883.DvMF_0188,4604
883.DvMF_0404,4605
883.DvMF_3197,4606
883.DvMF_0469,4607
883.DvMF_2036,4608
883.DvMF_2114,4609
883.DvMF_2245,4610
883.DvMF_2535,4611
883.DvMF_0200,4612
883.DvMF_0202,4613
883.DvMF_1853,4614
883.DvMF_3016,4615
883.DvMF_0573,4616
883.DvMF_3017,4617
883.DvMF_3019,4618
883.DvMF_0676,4619
883.DvMF_0673,4620
883.DvMF_1722,4621
883.DvMF_2706,4622
883.DvMF_2328,4623
883.DvMF_2769,4624
883.DvMF_0209,4625
883.DvMF_3100,4626
883.DvMF_1204,4627
883.DvMF_0321,4628
883.DvMF_0330,4629
883.DvMF_0990,4630
883.DvMF_0433,4631
883.DvMF_1004,4632
883.DvMF_1315,4633
883.DvMF_2444,4634
883.DvMF_2923,4635
883.DvMF_2801,4636
883.DvMF_0210,4637
883.DvMF_0565,4638
883.DvMF_0557,4639
883.DvMF_2012,4640
883.DvMF_0219,4641
883.DvMF_1364,4642
883.DvMF_1241,4643
883.DvMF_2972,4644
883.DvMF_2366,4645
883.DvMF_1748,4646
883.DvMF_2360,4647
883.DvMF_0224,4648
883.DvMF_3101,4649
883.DvMF_0779,4650
883.DvMF_0225,4651
883.DvMF_0341,4652
883.DvMF_0581,4653
883.DvMF_1804,4654
883.DvMF_2933,4655
883.DvMF_2831,4656
883.DvMF_0860,4657
883.DvMF_0350,4658
883.DvMF_3152,4659
883.DvMF_2787,4660
883.DvMF_1349,4661
883.DvMF_1918,4662
883.DvMF_1571,4663
883.DvMF_2996,4664
883.DvMF_1400,4665
883.DvMF_1401,4666
883.DvMF_0261,4667
883.DvMF_0776,4668
883.DvMF_0777,4669
883.DvMF_1118,4670
883.DvMF_1396,4671
883.DvMF_1214,4672
883.DvMF_1817,4673
883.DvMF_1881,4674
883.DvMF_2047,4675
883.DvMF_2482,4676
883.DvMF_2663,4677
883.DvMF_2860,4678
883.DvMF_0364,4679
883.DvMF_2673,4680
883.DvMF_1792,4681
883.DvMF_2949,4682
883.DvMF_0653,4683
883.DvMF_0535,4684
883.DvMF_1389,4685
883.DvMF_1337,4686
883.DvMF_2031,4687
883.DvMF_0239,4688
883.DvMF_0242,4689
883.DvMF_0418,4690
883.DvMF_1000,4691
883.DvMF_0244,4692
883.DvMF_2014,4693
883.DvMF_1546,4694
883.DvMF_2527,4695
883.DvMF_2911,4696
883.DvMF_0246,4697
883.DvMF_2518,4698
883.DvMF_1618,4699
883.DvMF_1808,4700
883.DvMF_2517,4701
883.DvMF_0247,4702
883.DvMF_1617,4703
883.DvMF_0250,4704
883.DvMF_1547,4705
883.DvMF_0299,4706
883.DvMF_0254,4707
883.DvMF_2441,4708
883.DvMF_2440,4709
883.DvMF_0255,4710
883.DvMF_0419,4711
883.DvMF_0358,4712
883.DvMF_1427,4713
883.DvMF_2243,4714
883.DvMF_2170,4715
883.DvMF_1786,4716
883.DvMF_0327,4717
883.DvMF_0328,4718
883.DvMF_2142,4719
883.DvMF_1464,4720
883.DvMF_0588,4721
883.DvMF_0885,4722
883.DvMF_0937,4723
883.DvMF_1127,4724
883.DvMF_1554,4725
883.DvMF_1553,4726
883.DvMF_2460,4727
883.DvMF_0265,4728
883.DvMF_0473,4729
883.DvMF_0269,4730
883.DvMF_0447,4731
883.DvMF_0272,4732
883.DvMF_0267,4733
883.DvMF_2220,4734
883.DvMF_2277,4735
883.DvMF_2355,4736
883.DvMF_0907,4737
883.DvMF_2327,4738
883.DvMF_0590,4739
883.DvMF_0312,4740
883.DvMF_0281,4741
883.DvMF_1125,4742
883.DvMF_1945,4743
883.DvMF_0276,4744
883.DvMF_1412,4745
883.DvMF_1010,4746
883.DvMF_0664,4747
883.DvMF_0450,4748
883.DvMF_0353,4749
883.DvMF_1532,4750
883.DvMF_0279,4751
883.DvMF_2916,4752
883.DvMF_0278,4753
883.DvMF_0870,4754
883.DvMF_0280,4755
883.DvMF_3098,4756
883.DvMF_1006,4757
883.DvMF_2979,4758
883.DvMF_2856,4759
883.DvMF_0550,4760
883.DvMF_1019,4761
883.DvMF_1716,4762
883.DvMF_0285,4763
883.DvMF_3050,4764
883.DvMF_1137,4765
883.DvMF_0288,4766
883.DvMF_0290,4767
883.DvMF_0291,4768
883.DvMF_1536,4769
883.DvMF_0804,4770
883.DvMF_0361,4771
883.DvMF_1439,4772
883.DvMF_1411,4773
883.DvMF_0906,4774
883.DvMF_1196,4775
883.DvMF_1409,4776
883.DvMF_2102,4777
883.DvMF_1529,4778
883.DvMF_1564,4779
883.DvMF_2204,4780
883.DvMF_2889,4781
883.DvMF_0294,4782
883.DvMF_2623,4783
883.DvMF_0798,4784
883.DvMF_0692,4785
883.DvMF_1953,4786
883.DvMF_0296,4787
883.DvMF_2502,4788
883.DvMF_0297,4789
883.DvMF_3130,4790
883.DvMF_0826,4791
883.DvMF_3131,4792
883.DvMF_3132,4793
883.DvMF_2156,4794
883.DvMF_0298,4795
883.DvMF_2767,4796
883.DvMF_0300,4797
883.DvMF_1717,4798
883.DvMF_3095,4799
883.DvMF_0485,4800
883.DvMF_1625,4801
883.DvMF_1632,4802
883.DvMF_2045,4803
883.DvMF_0909,4804
883.DvMF_2020,4805
883.DvMF_0316,4806
883.DvMF_0317,4807
883.DvMF_1170,4808
883.DvMF_2927,4809
883.DvMF_2320,4810
883.DvMF_1433,4811
883.DvMF_2600,4812
883.DvMF_2853,4813
883.DvMF_0322,4814
883.DvMF_2143,4815
883.DvMF_0337,4816
883.DvMF_1981,4817
883.DvMF_3206,4818
883.DvMF_1402,4819
883.DvMF_0655,4820
883.DvMF_1330,4821
883.DvMF_0959,4822
883.DvMF_0952,4823
883.DvMF_1701,4824
883.DvMF_1587,4825
883.DvMF_1589,4826
883.DvMF_2821,4827
883.DvMF_0345,4828
883.DvMF_1050,4829
883.DvMF_1714,4830
883.DvMF_0831,4831
883.DvMF_1758,4832
883.DvMF_1967,4833
883.DvMF_3134,4834
883.DvMF_1176,4835
883.DvMF_2140,4836
883.DvMF_0454,4837
883.DvMF_0496,4838
883.DvMF_1921,4839
883.DvMF_3015,4840
883.DvMF_0908,4841
883.DvMF_3158,4842
883.DvMF_1854,4843
883.DvMF_2922,4844
883.DvMF_0359,4845
883.DvMF_3204,4846
883.DvMF_3202,4847
883.DvMF_3205,4848
883.DvMF_1538,4849
883.DvMF_0517,4850
883.DvMF_0516,4851
883.DvMF_3149,4852
883.DvMF_3122,4853
883.DvMF_2383,4854
883.DvMF_1002,4855
883.DvMF_2314,4856
883.DvMF_2154,4857
883.DvMF_2268,4858
883.DvMF_3092,4859
883.DvMF_0657,4860
883.DvMF_3137,4861
883.DvMF_0376,4862
883.DvMF_0375,4863
883.DvMF_1497,4864
883.DvMF_0810,4865
883.DvMF_1575,4866
883.DvMF_1761,4867
883.DvMF_2017,4868
883.DvMF_2456,4869
883.DvMF_2583,4870
883.DvMF_2582,4871
883.DvMF_2829,4872
883.DvMF_0371,4873
883.DvMF_0373,4874
883.DvMF_0971,4875
883.DvMF_1410,4876
883.DvMF_1962,4877
883.DvMF_1348,4878
883.DvMF_0378,4879
883.DvMF_2291,4880
883.DvMF_1142,4881
883.DvMF_0379,4882
883.DvMF_0381,4883
883.DvMF_2486,4884
883.DvMF_2488,4885
883.DvMF_2567,4886
883.DvMF_2565,4887
883.DvMF_0391,4888
883.DvMF_2396,4889
883.DvMF_0400,4890
883.DvMF_3058,4891
883.DvMF_3055,4892
883.DvMF_3036,4893
883.DvMF_0832,4894
883.DvMF_0867,4895
883.DvMF_1013,4896
883.DvMF_1378,4897
883.DvMF_1181,4898
883.DvMF_1234,4899
883.DvMF_1739,4900
883.DvMF_2496,4901
883.DvMF_2816,4902
883.DvMF_0409,4903
883.DvMF_1690,4904
883.DvMF_0689,4905
883.DvMF_1573,4906
883.DvMF_0690,4907
883.DvMF_3175,4908
883.DvMF_2367,4909
883.DvMF_1903,4910
883.DvMF_2089,4911
883.DvMF_2980,4912
883.DvMF_0415,4913
883.DvMF_0416,4914
883.DvMF_0417,4915
883.DvMF_0421,4916
883.DvMF_0422,4917
883.DvMF_2879,4918
883.DvMF_0423,4919
883.DvMF_2878,4920
883.DvMF_0425,4921
883.DvMF_2877,4922
883.DvMF_0424,4923
883.DvMF_1541,4924
883.DvMF_0786,4925
883.DvMF_1622,4926
883.DvMF_2950,4927
883.DvMF_0431,4928
883.DvMF_1844,4929
883.DvMF_2371,4930
883.DvMF_1900,4931
883.DvMF_0432,4932
883.DvMF_1749,4933
883.DvMF_2306,4934
883.DvMF_2208,4935
883.DvMF_0434,4936
883.DvMF_0524,4937
883.DvMF_0599,4938
883.DvMF_1939,4939
883.DvMF_2484,4940
883.DvMF_0453,4941
883.DvMF_1148,4942
883.DvMF_0439,4943
883.DvMF_0633,4944
883.DvMF_1414,4945
883.DvMF_2122,4946
883.DvMF_2977,4947
883.DvMF_2974,4948
883.DvMF_0553,4949
883.DvMF_0636,4950
883.DvMF_0662,4951
883.DvMF_3201,4952
883.DvMF_1872,4953
883.DvMF_1435,4954
883.DvMF_0978,4955
883.DvMF_2652,4956
883.DvMF_2803,4957
883.DvMF_2180,4958
883.DvMF_2368,4959
883.DvMF_2479,4960
883.DvMF_2480,4961
883.DvMF_2554,4962
883.DvMF_2410,4963
883.DvMF_1051,4964
883.DvMF_3025,4965
883.DvMF_1468,4966
883.DvMF_2035,4967
883.DvMF_1398,4968
883.DvMF_3034,4969
883.DvMF_0877,4970
883.DvMF_1116,4971
883.DvMF_1134,4972
883.DvMF_1242,4973
883.DvMF_1249,4974
883.DvMF_1446,4975
883.DvMF_1754,4976
883.DvMF_3009,4977
883.DvMF_0489,4978
883.DvMF_1562,4979
883.DvMF_0482,4980
883.DvMF_2658,4981
883.DvMF_0483,4982
883.DvMF_1499,4983
883.DvMF_2645,4984
883.DvMF_2141,4985
883.DvMF_2768,4986
883.DvMF_0492,4987
883.DvMF_3147,4988
883.DvMF_1705,4989
883.DvMF_2449,4990
883.DvMF_2676,4991
883.DvMF_0506,4992
883.DvMF_1376,4993
883.DvMF_0809,4994
883.DvMF_0613,4995
883.DvMF_0519,4996
883.DvMF_0803,4997
883.DvMF_0656,4998